JQLU01000005.1,EDR99618.1,JQKK01000015.1,AUJT01000030.1,ATWC01000054.1,ACV39665.1,ERL25782.1,KB890278.1,ERK53440.1,ERK48421.1,ERK47820.1,KGL43917.1,CBH27300.1,EUJ40903.1,ADQ78341.1,ETE53770.1,CDC65743.1,LARF01000048.1,ACOK01000100.1,JTLD01000029.1,GAE20957.1,EKB54193.1,AEK23281.1,KN549099.1,KIX21336.1,CCB70204.1,AMA48551.1,AEW86266.1,EHO06562.1,EHO08761.1,EKB06014.1,ADQ80738.1,KGE88582.1,KGL55352.1,ALJ25681.1,ALJ26029.1,ALO30226.1,ALA94104.1,GAP82240.1,ERJ81987.1,ERJ65637.1,ERJ65503.1,ERJ64231.1,AIJ36392.1,EOA10535.1,BAK25606.1,ERJ88434.1,ERJ87335.1,EIW94777.1,AAQ65551.1,KGN88274.1,KKC50278.1,KGN87312.1,KGN85385.1,KGN76020.1,KGO05347.1,KGL48767.1,KB899147.1,JHUW01000010.1,EJP27887.1,KIP58075.1,KIP63359.1,KIP62088.1,KIP58950.1,BAKF01000019.1,EFU31981.1,JVYU01002440.1,BAJY01000004.1,AFJ07523.1,KE392225.1,KJJ86756.1,EGQ18444.1,ERJ98772.1,BAJN01000005.1,EKY00089.1,BAKN01000001.1,AKP71851.1,AGC41344.1,AKQ40303.1,JTLI01000096.1,KDE72144.1,EHO19081.1,EIJ68860.1,JHXW01000011.1
       0.0,  118048.0,   22320.0,   23809.0,       0.0,   67214.0,  128219.0,   10169.0,   61504.0,   68947.0,   57789.0,   94008.0,   76899.0,  114096.0,   68459.0,   35963.0,  125984.0,  126728.0,  123256.0,  118544.0,   78120.0,   51088.0,   57288.0,   70680.0,   68201.0,   69440.0,   53816.0,   62248.0,   67209.0,   67704.0,   67704.0,   68448.0,   74152.0,   63240.0,   73161.0,   77128.0,   63240.0,   77128.0,  124992.0,   73161.0,   73161.0,  167648.0,  181536.0,   77128.0,   63240.0,   77128.0,  167648.0,   73161.0,   73161.0,   63240.0,   77128.0,   63240.0,   63488.0,   77128.0,   73161.0,   63240.0,   63240.0,   82832.0,   24304.0,   75145.0,   84320.0,   84320.0,   84320.0,   84320.0,   75888.0,   75145.0,   75145.0,   73656.0,   73408.0,   75392.0,   75640.0,   75640.0,   72169.0,   77873.0,   69441.0,   65720.0,  119536.0,  119536.0,   83080.0,  126728.0,   79112.0,  188977.0,   78120.0,   76881.0
  118048.0,       0.0,   42750.0,   45600.0,       0.0,  128725.0,  245575.0,   19475.0,  117800.0,  132050.0,  110676.0,  180025.0,  147251.0,  218500.0,  131102.0,   68875.0,  241354.0,  242777.0,  236119.0,  227051.0,  149628.0,   97851.0,  109726.0,  135375.0,  130626.0,  133002.0,  103075.0,  119226.0,  128725.0,  129675.0,  129675.0,  131101.0,  142026.0,  121126.0,  140125.0,  147726.0,  121126.0,  147726.0,  239401.0,  140125.0,  140125.0,  321101.0,  347701.0,  147726.0,  121126.0,  147726.0,  321101.0,  140125.0,  140125.0,  121126.0,  147726.0,  121126.0,  121601.0,  147726.0,  140125.0,  121126.0,  121126.0,  158650.0,   46551.0,  143926.0,  161501.0,  161501.0,  161501.0,  161501.0,  145351.0,  143926.0,  143926.0,  141076.0,  140601.0,  144401.0,  144876.0,  144876.0,  138225.0,  149150.0,  133000.0,  125875.0,  228951.0,  228951.0,  159126.0,  242725.0,  151526.0,  361950.0,  149626.0,  147250.0
   22320.0,   42750.0,       0.0,    8584.0,      60.0,   24119.0,   46013.0,    3649.0,   22072.0,   24742.0,   20737.0,   33731.0,   27590.0,   40940.0,   24564.0,   12906.0,   45212.0,   45479.0,   44234.0,   42542.0,   28035.0,   18334.0,   20559.0,   25365.0,   24475.0,   24920.0,   19313.0,   22339.0,   24119.0,   24297.0,   24297.0,   24564.0,   26611.0,   22695.0,   26256.0,   27679.0,   22695.0,   27679.0,   44856.0,   26256.0,   26256.0,   60164.0,   65148.0,   27679.0,   22695.0,   27679.0,   60164.0,   26256.0,   26256.0,   22695.0,   27679.0,   22695.0,   22784.0,   27679.0,   26256.0,   22695.0,   22695.0,   29726.0,    8722.0,   26967.0,   30260.0,   30260.0,   30260.0,   30260.0,   27234.0,   26967.0,   26967.0,   26433.0,   26344.0,   27056.0,   27145.0,   27145.0,   25899.0,   27946.0,   24920.0,   23587.0,   42898.0,   42898.0,   29815.0,   45479.0,   28391.0,   67820.0,   28035.0,   27590.0
   23809.0,   45600.0,    8584.0,       0.0,      29.0,   25745.0,   49115.0,    3896.0,   23560.0,   26411.0,   22135.0,   36005.0,   29450.0,   43700.0,   26220.0,   13775.0,   48260.0,   48546.0,   47216.0,   45410.0,   29925.0,   19570.0,   21945.0,   27075.0,   26127.0,   26600.0,   20615.0,   23845.0,   25745.0,   25935.0,   25935.0,   26220.0,   28405.0,   24225.0,   28026.0,   29545.0,   24225.0,   29545.0,   47880.0,   28026.0,   28026.0,   64220.0,   69540.0,   29545.0,   24225.0,   29545.0,   64220.0,   28026.0,   28026.0,   24225.0,   29545.0,   24225.0,   24320.0,   29545.0,   28026.0,   24225.0,   24225.0,   31731.0,    9311.0,   28785.0,   32300.0,   32300.0,   32300.0,   32300.0,   29070.0,   28785.0,   28785.0,   28215.0,   28120.0,   28880.0,   28975.0,   28975.0,   27645.0,   29831.0,   26600.0,   25175.0,   45790.0,   45790.0,   31825.0,   48545.0,   30305.0,   72391.0,   29925.0,   29451.0
       0.0,       0.0,      60.0,      29.0,       0.0,       0.0,       0.0,       0.0,       0.0,       0.0,       0.0,       0.0,       0.0,       0.0,       0.0,       0.0,       0.0,       0.0,       0.0,       0.0,       0.0,       0.0,       0.0,       0.0,       0.0,       0.0,       0.0,       0.0,       0.0,       0.0,       0.0,       0.0,       0.0,       0.0,       0.0,       0.0,       0.0,       0.0,       0.0,       0.0,       0.0,       0.0,       0.0,       0.0,       0.0,       0.0,       0.0,       0.0,       0.0,       0.0,       0.0,       0.0,       0.0,       0.0,       0.0,       0.0,       0.0,       0.0,       0.0,       0.0,       0.0,       0.0,       0.0,       0.0,       0.0,       0.0,       0.0,       0.0,       0.0,       0.0,       0.0,       0.0,       0.0,       0.0,       0.0,       0.0,       0.0,       0.0,       0.0,       0.0,       0.0,       0.0,       0.0,       0.0
   67214.0,  128725.0,   24119.0,   25745.0,       0.0,       0.0,  140228.0,   11070.0,   66963.0,   75757.0,   62994.0,  102336.0,   83707.0,  124206.0,   74528.0,   39151.0,  137161.0,  137970.0,  134190.0,  129060.0,   85050.0,   55620.0,   62370.0,   76950.0,   74250.0,   75600.0,   58590.0,   67770.0,   73171.0,   73710.0,   73710.0,   74520.0,   80730.0,   68850.0,   79650.0,   83970.0,   68850.0,   83970.0,  136080.0,   79650.0,   79650.0,  182520.0,  197640.0,   83970.0,   68850.0,   83970.0,  182520.0,   79650.0,   79650.0,   68850.0,   83970.0,   68850.0,   69120.0,   83970.0,   79650.0,   68850.0,   68850.0,   90180.0,   26460.0,   81811.0,   91800.0,   91800.0,   91800.0,   91800.0,   82621.0,   81811.0,   81811.0,   80190.0,   79921.0,   82081.0,   82351.0,   82351.0,   78571.0,   84781.0,   75601.0,   71550.0,  130140.0,  130140.0,   90450.0,  137970.0,   86130.0,  205740.0,   85050.0,   83700.0
  128219.0,  245575.0,   46013.0,   49115.0,       0.0,  140228.0,       0.0,   21156.0,  127971.0,  143941.0,  120308.0,  195567.0,  159964.0,  237363.0,  142422.0,   74820.0,  262129.0,  263676.0,  256452.0,  246648.0,  162540.0,  106296.0,  119196.0,  147060.0,  141900.0,  144480.0,  111972.0,  129516.0,  139837.0,  140868.0,  140868.0,  142416.0,  154284.0,  131580.0,  152220.0,  160476.0,  131580.0,  160476.0,  260064.0,  152220.0,  152220.0,  348816.0,  377712.0,  160476.0,  131580.0,  160476.0,  348816.0,  152220.0,  152220.0,  131580.0,  160476.0,  131580.0,  132096.0,  160476.0,  152220.0,  131580.0,  131580.0,  172344.0,   50568.0,  156349.0,  175440.0,  175440.0,  175440.0,  175440.0,  157897.0,  156349.0,  156349.0,  153252.0,  152737.0,  156865.0,  157381.0,  157381.0,  150157.0,  162025.0,  144481.0,  136740.0,  248712.0,  248712.0,  172860.0,  263676.0,  164604.0,  393192.0,  162540.0,  159960.0
   10169.0,   19475.0,    3649.0,    3896.0,       0.0,   11070.0,   21156.0,       0.0,    9920.0,   11121.0,    9320.0,   15160.0,   12400.0,   18400.0,   11040.0,    5800.0,   20320.0,   20440.0,   19880.0,   19120.0,   12600.0,    8240.0,    9240.0,   11400.0,   11001.0,   11200.0,    8680.0,   10040.0,   10840.0,   10921.0,   10920.0,   11040.0,   11960.0,   10200.0,   11801.0,   12440.0,   10200.0,   12440.0,   20160.0,   11801.0,   11801.0,   27040.0,   29280.0,   12440.0,   10200.0,   12440.0,   27040.0,   11801.0,   11801.0,   10200.0,   12440.0,   10200.0,   10240.0,   12440.0,   11801.0,   10200.0,   10200.0,   13360.0,    3920.0,   12120.0,   13600.0,   13600.0,   13600.0,   13600.0,   12240.0,   12120.0,   12120.0,   11880.0,   11840.0,   12160.0,   12200.0,   12200.0,   11640.0,   12560.0,   11201.0,   10600.0,   19280.0,   19280.0,   13400.0,   20440.0,   12760.0,   30481.0,   12600.0,   12402.0
   61504.0,  117800.0,   22072.0,   23560.0,       0.0,   66963.0,  127971.0,    9920.0,       0.0,   68668.0,   57554.0,   93614.0,   76570.0,  113621.0,   68172.0,   35815.0,  125477.0,  126217.0,  122759.0,  118067.0,   77805.0,   50882.0,   57057.0,   70395.0,   67925.0,   69160.0,   53599.0,   61997.0,   66937.0,   67432.0,   67432.0,   68172.0,   73853.0,   62985.0,   72865.0,   76817.0,   62985.0,   76817.0,  124488.0,   72865.0,   72865.0,  166972.0,  180804.0,   76817.0,   62985.0,   76817.0,  166972.0,   72865.0,   72865.0,   62985.0,   76817.0,   62985.0,   63232.0,   76817.0,   72865.0,   62985.0,   62985.0,   82498.0,   24206.0,   74841.0,   83980.0,   83980.0,   83980.0,   83980.0,   75583.0,   74841.0,   74841.0,   73359.0,   73113.0,   75089.0,   75336.0,   75336.0,   71877.0,   77558.0,   69160.0,   65455.0,  119054.0,  119054.0,   82745.0,  126217.0,   78793.0,  188214.0,   77805.0,   76570.0
   68947.0,  132050.0,   24742.0,   26411.0,       0.0,   75757.0,  143941.0,   11121.0,   68668.0,       0.0,   64624.0,  104987.0,   85874.0,  127424.0,   76458.0,   40165.0,  140717.0,  141547.0,  137669.0,  132406.0,   87255.0,   57062.0,   63987.0,   78945.0,   76176.0,   77560.0,   60109.0,   69527.0,   75067.0,   75621.0,   75621.0,   76452.0,   82823.0,   70635.0,   81716.0,   86147.0,   70635.0,   86147.0,  139608.0,   81716.0,   81716.0,  187252.0,  202764.0,   86147.0,   70635.0,   86147.0,  187252.0,   81716.0,   81716.0,   70635.0,   86147.0,   70635.0,   70912.0,   86147.0,   81716.0,   70635.0,   70635.0,   92518.0,   27146.0,   83931.0,   94180.0,   94180.0,   94180.0,   94180.0,   84763.0,   83931.0,   83931.0,   82269.0,   81993.0,   84209.0,   84486.0,   84486.0,   80607.0,   86978.0,   77560.0,   73405.0,  133514.0,  133514.0,   92795.0,  141547.0,   88363.0,  211075.0,   87255.0,   85871.0
   57789.0,  110676.0,   20737.0,   22135.0,       0.0,   62994.0,  120308.0,    9320.0,   57554.0,   64624.0,       0.0,   87934.0,   71927.0,  106726.0,   64043.0,   33641.0,  117857.0,  118553.0,  115304.0,  110897.0,   73081.0,   47793.0,   53593.0,   66120.0,   63801.0,   64964.0,   50344.0,   58232.0,   62872.0,   63337.0,   63337.0,   64033.0,   69368.0,   59160.0,   68440.0,   72152.0,   59160.0,   72152.0,  116928.0,   68440.0,   68440.0,  156832.0,  169824.0,   72152.0,   59160.0,   72152.0,  156832.0,   68440.0,   68440.0,   59160.0,   72152.0,   59160.0,   59392.0,   72152.0,   68440.0,   59160.0,   59160.0,   77488.0,   22737.0,   70297.0,   78881.0,   78881.0,   78881.0,   78881.0,   70993.0,   70297.0,   70297.0,   68905.0,   68673.0,   70529.0,   70761.0,   70761.0,   67512.0,   72848.0,   64960.0,   61480.0,  111824.0,  111824.0,   77720.0,  118552.0,   74009.0,  176784.0,   73081.0,   71920.0
   94008.0,  180025.0,   33731.0,   36005.0,       0.0,  102336.0,  195567.0,   15160.0,   93614.0,  104987.0,   87934.0,       0.0,  117208.0,  174814.0,  104337.0,   54811.0,  192025.0,  193158.0,  187866.0,  180684.0,  119070.0,   77868.0,   87318.0,  107731.0,  103950.0,  105840.0,   82026.0,   94878.0,  102438.0,  103194.0,  103194.0,  104328.0,  113022.0,   96390.0,  111510.0,  117558.0,   96390.0,  117558.0,  190512.0,  111510.0,  111510.0,  255528.0,  276696.0,  117558.0,   96390.0,  117558.0,  255528.0,  111510.0,  111510.0,   96390.0,  117558.0,   96390.0,   96768.0,  117558.0,  111510.0,   96390.0,   96390.0,  126252.0,   37044.0,  114534.0,  128521.0,  128521.0,  128521.0,  128521.0,  115669.0,  114534.0,  114534.0,  112266.0,  111889.0,  114913.0,  115291.0,  115291.0,  109998.0,  118692.0,  105840.0,  100170.0,  182196.0,  182196.0,  126630.0,  193159.0,  120582.0,  288036.0,  119070.0,  117180.0
   76899.0,  147251.0,   27590.0,   29450.0,       0.0,   83707.0,  159964.0,   12400.0,   76570.0,   85874.0,   71927.0,  117208.0,       0.0,  142168.0,   85296.0,   44806.0,  156975.0,  157900.0,  153573.0,  147702.0,   97336.0,   63655.0,   71380.0,   88066.0,   84976.0,   86522.0,   67053.0,   77559.0,   83739.0,   84357.0,   84357.0,   85285.0,   92391.0,   78795.0,   91155.0,   96099.0,   78795.0,   96099.0,  155736.0,   91155.0,   91155.0,  208884.0,  226188.0,   96099.0,   78795.0,   96099.0,  208884.0,   91155.0,   91155.0,   78795.0,   96099.0,   78795.0,   79104.0,   96099.0,   91155.0,   78795.0,   78795.0,  103206.0,   30283.0,   93628.0,  105062.0,  105062.0,  105062.0,  105062.0,   94555.0,   93628.0,   93628.0,   91774.0,   91465.0,   93937.0,   94246.0,   94246.0,   89919.0,   97026.0,   86520.0,   81885.0,  148938.0,  148938.0,  103515.0,  157899.0,   98572.0,  235458.0,   97336.0,   95790.0
  114096.0,  218500.0,   40940.0,   43700.0,       0.0,  124206.0,  237363.0,   18400.0,  113621.0,  127424.0,  106726.0,  174814.0,  142168.0,       0.0,  126697.0,   66557.0,  233173.0,  234549.0,  228123.0,  219402.0,  144585.0,   94555.0,  106030.0,  130816.0,  126225.0,  128520.0,   99605.0,  115209.0,  124389.0,  125307.0,  125307.0,  126684.0,  137241.0,  117045.0,  135405.0,  142749.0,  117045.0,  142749.0,  231336.0,  135405.0,  135405.0,  310284.0,  335988.0,  142749.0,  117045.0,  142749.0,  310284.0,  135405.0,  135405.0,  117045.0,  142749.0,  117045.0,  117504.0,  142749.0,  135405.0,  117045.0,  117045.0,  153306.0,   44982.0,  139077.0,  156060.0,  156060.0,  156060.0,  156060.0,  140455.0,  139077.0,  139077.0,  136323.0,  135865.0,  139537.0,  139996.0,  139996.0,  133569.0,  144126.0,  128520.0,  121635.0,  221239.0,  221239.0,  153766.0,  234550.0,  146421.0,  349758.0,  144585.0,  142290.0
   68459.0,  131102.0,   24564.0,   26220.0,       0.0,   74528.0,  142422.0,   11040.0,   68172.0,   76458.0,   64043.0,  104337.0,   85296.0,  126697.0,       0.0,   39876.0,  139702.0,  140527.0,  136675.0,  131450.0,   86627.0,   56652.0,   63527.0,   78375.0,   75627.0,   77005.0,   59675.0,   69025.0,   74525.0,   75075.0,   75075.0,   75902.0,   82225.0,   70125.0,   81126.0,   85525.0,   70125.0,   85525.0,  138600.0,   81126.0,   81126.0,  185900.0,  201300.0,   85525.0,   70125.0,   85525.0,  185900.0,   81126.0,   81126.0,   70125.0,   85525.0,   70125.0,   70400.0,   85525.0,   81126.0,   70125.0,   70125.0,   91850.0,   26952.0,   83327.0,   93503.0,   93503.0,   93503.0,   93503.0,   84152.0,   83327.0,   83327.0,   81677.0,   81402.0,   83602.0,   83877.0,   83877.0,   80025.0,   86350.0,   77000.0,   72875.0,  132550.0,  132550.0,   92125.0,  140525.0,   87727.0,  209550.0,   86627.0,   85250.0
   35963.0,   68875.0,   12906.0,   13775.0,       0.0,   39151.0,   74820.0,    5800.0,   35815.0,   40165.0,   33641.0,   54811.0,   44806.0,   66557.0,   39876.0,       0.0,   73152.0,   73584.0,   71569.0,   68832.0,   45360.0,   29666.0,   33265.0,   41041.0,   39600.0,   40320.0,   31249.0,   36144.0,   39024.0,   39312.0,   39312.0,   39744.0,   43056.0,   36720.0,   42481.0,   44784.0,   36720.0,   44784.0,   72576.0,   42481.0,   42481.0,   97344.0,  105408.0,   44784.0,   36720.0,   44784.0,   97344.0,   42481.0,   42481.0,   36720.0,   44784.0,   36720.0,   36864.0,   44784.0,   42481.0,   36720.0,   36720.0,   48096.0,   14112.0,   43632.0,   48960.0,   48960.0,   48960.0,   48960.0,   44064.0,   43632.0,   43632.0,   42768.0,   42624.0,   43776.0,   43920.0,   43920.0,   41904.0,   45216.0,   40320.0,   38161.0,   69409.0,   69409.0,   48241.0,   73584.0,   45936.0,  109728.0,   45360.0,   44640.0
  125984.0,  241354.0,   45212.0,   48260.0,       0.0,  137161.0,  262129.0,   20320.0,  125477.0,  140717.0,  117857.0,  192025.0,  156975.0,  233173.0,  139702.0,   73152.0,       0.0,  259901.0,  252057.0,  242346.0,  159706.0,  104443.0,  117118.0,  144495.0,  139426.0,  141962.0,  110019.0,  127257.0,  137397.0,  138411.0,  138411.0,  139933.0,  151593.0,  129285.0,  149565.0,  157677.0,  129285.0,  157677.0,  255528.0,  149565.0,  149565.0,  342732.0,  371124.0,  157677.0,  129285.0,  157677.0,  342732.0,  149565.0,  149565.0,  129285.0,  157677.0,  129285.0,  129792.0,  157677.0,  149565.0,  129285.0,  129285.0,  169338.0,   49687.0,  153622.0,  172381.0,  172381.0,  172381.0,  172381.0,  155144.0,  153622.0,  153622.0,  150580.0,  150074.0,  154130.0,  154637.0,  154637.0,  147537.0,  159198.0,  141960.0,  134355.0,  244374.0,  244374.0,  169845.0,  259077.0,  161734.0,  386334.0,  159706.0,  157170.0
  126728.0,  242777.0,   45479.0,   48546.0,       0.0,  137970.0,  263676.0,   20440.0,  126217.0,  141547.0,  118553.0,  193158.0,  157900.0,  234549.0,  140527.0,   73584.0,  259901.0,       0.0,  253548.0,  243780.0,  160651.0,  105061.0,  117811.0,  145350.0,  140251.0,  142802.0,  110670.0,  128010.0,  138210.0,  139230.0,  139230.0,  140761.0,  152490.0,  130050.0,  150450.0,  158610.0,  130050.0,  158610.0,  257040.0,  150450.0,  150450.0,  344760.0,  373320.0,  158610.0,  130050.0,  158610.0,  344760.0,  150450.0,  150450.0,  130050.0,  158610.0,  130050.0,  130560.0,  158610.0,  150450.0,  130050.0,  130050.0,  170341.0,   49982.0,  154531.0,  173401.0,  173401.0,  173401.0,  173401.0,  156061.0,  154531.0,  154531.0,  151471.0,  150961.0,  155041.0,  155551.0,  155551.0,  148410.0,  160141.0,  142800.0,  135150.0,  245820.0,  245820.0,  170850.0,  260610.0,  162691.0,  388620.0,  160651.0,  158100.0
  123256.0,  236119.0,   44234.0,   47216.0,       0.0,  134190.0,  256452.0,   19880.0,  122759.0,  137669.0,  115304.0,  187866.0,  153573.0,  228123.0,  136675.0,   71569.0,  252057.0,  253548.0,       0.0,  237088.0,  156240.0,  102176.0,  114576.0,  141360.0,  136400.0,  138880.0,  107632.0,  124496.0,  134416.0,  135408.0,  135408.0,  136896.0,  148304.0,  126480.0,  146321.0,  154256.0,  126480.0,  154256.0,  249984.0,  146321.0,  146321.0,  335296.0,  363072.0,  154256.0,  126480.0,  154256.0,  335296.0,  146321.0,  146321.0,  126480.0,  154256.0,  126480.0,  126976.0,  154256.0,  146321.0,  126480.0,  126480.0,  165665.0,   48609.0,  150288.0,  168640.0,  168640.0,  168640.0,  168640.0,  151776.0,  150288.0,  150288.0,  147312.0,  146816.0,  150784.0,  151280.0,  151280.0,  144336.0,  155745.0,  138880.0,  131441.0,  239072.0,  239072.0,  166160.0,  253456.0,  158224.0,  377952.0,  156240.0,  153760.0
  118544.0,  227051.0,   42542.0,   45410.0,       0.0,  129060.0,  246648.0,   19120.0,  118067.0,  132406.0,  110897.0,  180684.0,  147702.0,  219402.0,  131450.0,   68832.0,  242346.0,  243780.0,  237088.0,       0.0,  150256.0,   98262.0,  110187.0,  135945.0,  131175.0,  133560.0,  103509.0,  119728.0,  129267.0,  130222.0,  130222.0,  131652.0,  142624.0,  121636.0,  140715.0,  148348.0,  121636.0,  148348.0,  240409.0,  140715.0,  140715.0,  322453.0,  349165.0,  148348.0,  121636.0,  148348.0,  322453.0,  140715.0,  140715.0,  121636.0,  148348.0,  121636.0,  122113.0,  148348.0,  140715.0,  121636.0,  121636.0,  159318.0,   46746.0,  144531.0,  162180.0,  162180.0,  162180.0,  162180.0,  145962.0,  144531.0,  144531.0,  141669.0,  141192.0,  145008.0,  145485.0,  145485.0,  138807.0,  149778.0,  133560.0,  126405.0,  229916.0,  229916.0,  159797.0,  243747.0,  152163.0,  363474.0,  150255.0,  147870.0
   78120.0,  149628.0,   28035.0,   29925.0,       0.0,   85050.0,  162540.0,   12600.0,   77805.0,   87255.0,   73081.0,  119070.0,   97336.0,  144585.0,   86627.0,   45360.0,  159706.0,  160651.0,  156240.0,  150256.0,       0.0,   64686.0,   72536.0,   89491.0,   86352.0,   87922.0,   68139.0,   78816.0,   85095.0,   85723.0,   85723.0,   86665.0,   93887.0,   80073.0,   92670.0,   97657.0,   80073.0,   97657.0,  158259.0,   92668.0,   92670.0,  212265.0,  229849.0,   97657.0,   80073.0,   97657.0,  212265.0,   92670.0,   92670.0,   80073.0,   97657.0,   80073.0,   80387.0,   97657.0,   92668.0,   80073.0,   80073.0,  104878.0,   30773.0,   95145.0,  106761.0,  106761.0,  106761.0,  106761.0,   96087.0,   95145.0,   95145.0,   93261.0,   92947.0,   95459.0,   95773.0,   95773.0,   91376.0,   98598.0,   87922.0,   83210.0,  151349.0,  151349.0,  105191.0,  160454.0,  100167.0,  239268.0,   98911.0,   97340.0
   51088.0,   97851.0,   18334.0,   19570.0,       0.0,   55620.0,  106296.0,    8240.0,   50882.0,   57062.0,   47793.0,   77868.0,   63655.0,   94555.0,   56652.0,   29666.0,  104443.0,  105061.0,  102176.0,   98262.0,   64686.0,       0.0,   47604.0,   58465.0,   56400.0,   57402.0,   44498.0,   51467.0,   55629.0,   56039.0,   56039.0,   56581.0,   61295.0,   52275.0,   60476.0,   63755.0,   52275.0,   63755.0,  103320.0,   60476.0,   60476.0,  138580.0,  150060.0,   63755.0,   52275.0,   63755.0,  138580.0,   60476.0,   60476.0,   52275.0,   63755.0,   52275.0,   52480.0,   63755.0,   60476.0,   52275.0,   52275.0,   68470.0,   20091.0,   62116.0,   69701.0,   69701.0,   69701.0,   69701.0,   62731.0,   62116.0,   62116.0,   60886.0,   60681.0,   62321.0,   62526.0,   62526.0,   59655.0,   64370.0,   57400.0,   54325.0,   98811.0,   98811.0,   68676.0,  104755.0,   65396.0,  156210.0,   64576.0,   63550.0
   57288.0,  109726.0,   20559.0,   21945.0,       0.0,   62370.0,  119196.0,    9240.0,   57057.0,   63987.0,   53593.0,   87318.0,   71380.0,  106030.0,   63527.0,   33265.0,  117118.0,  117811.0,  114576.0,  110187.0,   72536.0,   47604.0,       0.0,   65596.0,   63284.0,   64402.0,   49925.0,   57744.0,   62413.0,   62872.0,   62873.0,   63481.0,   68770.0,   58650.0,   67851.0,   71530.0,   58650.0,   71530.0,  115920.0,   67851.0,   67851.0,  155480.0,  168360.0,   71530.0,   58650.0,   71530.0,  155480.0,   67851.0,   67851.0,   58650.0,   71530.0,   58650.0,   58880.0,   71530.0,   67851.0,   58650.0,   58650.0,   76820.0,   22541.0,   69691.0,   78201.0,   78201.0,   78201.0,   78201.0,   70381.0,   69691.0,   69691.0,   68311.0,   68081.0,   69921.0,   70151.0,   70151.0,   66930.0,   72220.0,   64400.0,   60950.0,  110861.0,  110861.0,   77051.0,  117530.0,   73371.0,  175260.0,   72451.0,   71300.0
   70680.0,  135375.0,   25365.0,   27075.0,       0.0,   76950.0,  147060.0,   11400.0,   70395.0,   78945.0,   66120.0,  107731.0,   88066.0,  130816.0,   78375.0,   41041.0,  144495.0,  145350.0,  141360.0,  135945.0,   89491.0,   58465.0,   65596.0,       0.0,   78131.0,   79520.0,   61648.0,   71303.0,   76995.0,   77563.0,   77563.0,   78386.0,   84916.0,   72420.0,   83781.0,   88324.0,   72420.0,   88324.0,  143136.0,   83781.0,   83781.0,  191984.0,  207888.0,   88324.0,   72420.0,   88324.0,  191984.0,   83781.0,   83781.0,   72420.0,   88324.0,   72420.0,   72704.0,   88324.0,   83781.0,   72420.0,   72420.0,   94856.0,   27832.0,   86052.0,   96561.0,   96561.0,   96561.0,   96561.0,   86904.0,   86052.0,   86052.0,   84348.0,   84064.0,   86336.0,   86620.0,   86620.0,   82644.0,   89176.0,   79520.0,   75260.0,  136889.0,  136889.0,   95141.0,  145124.0,   90596.0,  216408.0,   89460.0,   88040.0
   68201.0,  130626.0,   24475.0,   26127.0,       0.0,   74250.0,  141900.0,   11001.0,   67925.0,   76176.0,   63801.0,  103950.0,   84976.0,  126225.0,   75627.0,   39600.0,  139426.0,  140251.0,  136400.0,  131175.0,   86352.0,   56400.0,   63284.0,   78131.0,       0.0,   76723.0,   59492.0,   68808.0,   74277.0,   74825.0,   74825.0,   75625.0,   81926.0,   69870.0,   80832.0,   85214.0,   69870.0,   85214.0,  138096.0,   80832.0,   80832.0,  185224.0,  200568.0,   85214.0,   69870.0,   85214.0,  185224.0,   80832.0,   80832.0,   69870.0,   85214.0,   69870.0,   70144.0,   85214.0,   80832.0,   69870.0,   69870.0,   91516.0,   26853.0,   83023.0,   93161.0,   93161.0,   93161.0,   93161.0,   83845.0,   83023.0,   83023.0,   81379.0,   81105.0,   83297.0,   83571.0,   83571.0,   79734.0,   86036.0,   76720.0,   72610.0,  132068.0,  132068.0,   91790.0,  140014.0,   87407.0,  208789.0,   86311.0,   84941.0
   69440.0,  133002.0,   24920.0,   26600.0,       0.0,   75600.0,  144480.0,   11200.0,   69160.0,   77560.0,   64964.0,  105840.0,   86522.0,  128520.0,   77005.0,   40320.0,  141962.0,  142802.0,  138880.0,  133560.0,   87922.0,   57402.0,   64402.0,   79520.0,   76723.0,       0.0,   60543.0,   70029.0,   75609.0,   76167.0,   76167.0,   77037.0,   83421.0,   71145.0,   82305.0,   86769.0,   71145.0,   86769.0,  140616.0,   82305.0,   82305.0,  188604.0,  204228.0,   86769.0,   71145.0,   86769.0,  188604.0,   82305.0,   82305.0,   71145.0,   86769.0,   71145.0,   71424.0,   86769.0,   82305.0,   71145.0,   71145.0,   93186.0,   27344.0,   84539.0,   94862.0,   94862.0,   94862.0,   94862.0,   85376.0,   84539.0,   84539.0,   82865.0,   82586.0,   84818.0,   85097.0,   85097.0,   81189.0,   87606.0,   78120.0,   73935.0,  134478.0,  134478.0,   93465.0,  142569.0,   89003.0,  212598.0,   87887.0,   86490.0
   53816.0,  103075.0,   19313.0,   20615.0,       0.0,   58590.0,  111972.0,    8680.0,   53599.0,   60109.0,   50344.0,   82026.0,   67053.0,   99605.0,   59675.0,   31249.0,  110019.0,  110670.0,  107632.0,  103509.0,   68139.0,   44498.0,   49925.0,   61648.0,   59492.0,   60543.0,       0.0,   55275.0,   58541.0,   58973.0,   58973.0,   59616.0,   64584.0,   55080.0,   63721.0,   67176.0,   55080.0,   67176.0,  108864.0,   63721.0,   63721.0,  146016.0,  158112.0,   67177.0,   55080.0,   67176.0,  146016.0,   63721.0,   63721.0,   55080.0,   67176.0,   55081.0,   55296.0,   67176.0,   63721.0,   55080.0,   55080.0,   72144.0,   21168.0,   65448.0,   73440.0,   73440.0,   73440.0,   73440.0,   66096.0,   65448.0,   65448.0,   64152.0,   63936.0,   65664.0,   65880.0,   65880.0,   62856.0,   67824.0,   60480.0,   57240.0,  104113.0,  104113.0,   72361.0,  110376.0,   68904.0,  164592.0,   68040.0,   66960.0
   62248.0,  119226.0,   22339.0,   23845.0,       0.0,   67770.0,  129516.0,   10040.0,   61997.0,   69527.0,   58232.0,   94878.0,   77559.0,  115209.0,   69025.0,   36144.0,  127257.0,  128010.0,  124496.0,  119728.0,   78816.0,   51467.0,   57744.0,   71303.0,   68808.0,   70029.0,   55275.0,       0.0,   67758.0,   68258.0,   68258.0,   69000.0,   74751.0,   63751.0,   73751.0,   77751.0,   63751.0,   77751.0,  126001.0,   73751.0,   73751.0,  169001.0,  183001.0,   77752.0,   63751.0,   77751.0,  169001.0,   73751.0,   73751.0,   63751.0,   77751.0,   63752.0,   64001.0,   77751.0,   73751.0,   63751.0,   63751.0,   83500.0,   24500.0,   75750.0,   85000.0,   85000.0,   85000.0,   85000.0,   76500.0,   75750.0,   75750.0,   74250.0,   74000.0,   76000.0,   76250.0,   76250.0,   72750.0,   78500.0,   70000.0,   66250.0,  120501.0,  120501.0,   83751.0,  127750.0,   79750.0,  190500.0,   78750.0,   77500.0
   67209.0,  128725.0,   24119.0,   25745.0,       0.0,   73171.0,  139837.0,   10840.0,   66937.0,   75067.0,   62872.0,  102438.0,   83739.0,  124389.0,   74525.0,   39024.0,  137397.0,  138210.0,  134416.0,  129267.0,   85095.0,   55629.0,   62413.0,   76995.0,   74277.0,   75609.0,   58541.0,   67758.0,       0.0,   74828.0,   74824.0,   74521.0,   80730.0,   68851.0,   79651.0,   83971.0,   68851.0,   83971.0,  136081.0,   79651.0,   79651.0,  182521.0,  197641.0,   83970.0,   68851.0,   83971.0,  182521.0,   79651.0,   79651.0,   68851.0,   83971.0,   68850.0,   69121.0,   83971.0,   79651.0,   68851.0,   68851.0,   90181.0,   26460.0,   81811.0,   91800.0,   91800.0,   91800.0,   91800.0,   82620.0,   81811.0,   81811.0,   80190.0,   79920.0,   82080.0,   82350.0,   82350.0,   78571.0,   84781.0,   75601.0,   71550.0,  130140.0,  130140.0,   90450.0,  137972.0,   86130.0,  205740.0,   85050.0,   83700.0
   67704.0,  129675.0,   24297.0,   25935.0,       0.0,   73710.0,  140868.0,   10921.0,   67432.0,   75621.0,   63337.0,  103194.0,   84357.0,  125307.0,   75075.0,   39312.0,  138411.0,  139230.0,  135408.0,  130222.0,   85723.0,   56039.0,   62872.0,   77563.0,   74825.0,   76167.0,   58973.0,   68258.0,   74828.0,       0.0,   75361.0,   75072.0,   81328.0,   69360.0,   80241.0,   84592.0,   69360.0,   84592.0,  137088.0,   80241.0,   80241.0,  183872.0,  199104.0,   84592.0,   69360.0,   84592.0,  183872.0,   80241.0,   80241.0,   69360.0,   84592.0,   69360.0,   69632.0,   84592.0,   80241.0,   69360.0,   69360.0,   90848.0,   26656.0,   82416.0,   92480.0,   92480.0,   92480.0,   92480.0,   83232.0,   82416.0,   82416.0,   80784.0,   80512.0,   82688.0,   82960.0,   82960.0,   79152.0,   85408.0,   76161.0,   72080.0,  131104.0,  131104.0,   91120.0,  138994.0,   86768.0,  207264.0,   85680.0,   84321.0
   67704.0,  129675.0,   24297.0,   25935.0,       0.0,   73710.0,  140868.0,   10920.0,   67432.0,   75621.0,   63337.0,  103194.0,   84357.0,  125307.0,   75075.0,   39312.0,  138411.0,  139230.0,  135408.0,  130222.0,   85723.0,   56039.0,   62873.0,   77563.0,   74825.0,   76167.0,   58973.0,   68258.0,   74824.0,   75361.0,       0.0,   75073.0,   81328.0,   69361.0,   80241.0,   84593.0,   69361.0,   84593.0,  137089.0,   80241.0,   80241.0,  183873.0,  199105.0,   84592.0,   69361.0,   84593.0,  183873.0,   80241.0,   80241.0,   69361.0,   84593.0,   69360.0,   69633.0,   84593.0,   80241.0,   69361.0,   69361.0,   90849.0,   26656.0,   82416.0,   92480.0,   92480.0,   92480.0,   92480.0,   83232.0,   82416.0,   82416.0,   80784.0,   80512.0,   82688.0,   82960.0,   82960.0,   79152.0,   85408.0,   76160.0,   72080.0,  131104.0,  131104.0,   91120.0,  138994.0,   86768.0,  207264.0,   85680.0,   84320.0
   68448.0,  131101.0,   24564.0,   26220.0,       0.0,   74520.0,  142416.0,   11040.0,   68172.0,   76452.0,   64033.0,  104328.0,   85285.0,  126684.0,   75902.0,   39744.0,  139933.0,  140761.0,  136896.0,  131652.0,   86665.0,   56581.0,   63481.0,   78386.0,   75625.0,   77037.0,   59616.0,   69000.0,   74521.0,   75072.0,   75073.0,       0.0,   82225.0,   70126.0,   81125.0,   85526.0,   70126.0,   85526.0,  138601.0,   81125.0,   81125.0,  185901.0,  201301.0,   85525.0,   70126.0,   85526.0,  185901.0,   81125.0,   81125.0,   70126.0,   85526.0,   70125.0,   70401.0,   85526.0,   81125.0,   70126.0,   70126.0,   91851.0,   26951.0,   83326.0,   93501.0,   93501.0,   93501.0,   93501.0,   84151.0,   83326.0,   83326.0,   81676.0,   81401.0,   83601.0,   83876.0,   83876.0,   80025.0,   86350.0,   77000.0,   72875.0,  132550.0,  132550.0,   92125.0,  140525.0,   87726.0,  209550.0,   86626.0,   85250.0
   74152.0,  142026.0,   26611.0,   28405.0,       0.0,   80730.0,  154284.0,   11960.0,   73853.0,   82823.0,   69368.0,  113022.0,   92391.0,  137241.0,   82225.0,   43056.0,  151593.0,  152490.0,  148304.0,  142624.0,   93887.0,   61295.0,   68770.0,   84916.0,   81926.0,   83421.0,   64584.0,   74751.0,   80730.0,   81328.0,   81328.0,   82225.0,       0.0,   76001.0,   87910.0,   92687.0,   75999.0,   92689.0,  150201.0,   87910.0,   87910.0,  201449.0,  218137.0,   92687.0,   75999.0,   92687.0,  201449.0,   87910.0,   87910.0,   75999.0,   92689.0,   76001.0,   76299.0,   92689.0,   87910.0,   76001.0,   76001.0,   99540.0,   29204.0,   90300.0,  101320.0,  101320.0,  101320.0,  101320.0,   91195.0,   90300.0,   90300.0,   88517.0,   88218.0,   90602.0,   90900.0,   90900.0,   86729.0,   93582.0,   83443.0,   78970.0,  143644.0,  143644.0,   99844.0,  152278.0,   95062.0,  227076.0,   93870.0,   92380.0
   63240.0,  121126.0,   22695.0,   24225.0,       0.0,   68850.0,  131580.0,   10200.0,   62985.0,   70635.0,   59160.0,   96390.0,   78795.0,  117045.0,   70125.0,   36720.0,  129285.0,  130050.0,  126480.0,  121636.0,   80073.0,   52275.0,   58650.0,   72420.0,   69870.0,   71145.0,   55080.0,   63751.0,   68851.0,   69360.0,   69361.0,   70126.0,   76001.0,       0.0,   74937.0,   79968.0,   65790.0,   79959.0,  128802.0,   74937.0,   74937.0,  172335.0,  186527.0,   79959.0,   65774.0,   79945.0,  172341.0,   74937.0,   74937.0,   65788.0,   80083.0,   65928.0,   66177.0,   80062.0,   74937.0,   65908.0,   65908.0,   85916.0,   24894.0,   77117.0,   86360.0,   86360.0,   86360.0,   86360.0,   77857.0,   77119.0,   77117.0,   75575.0,   75311.0,   77352.0,   77597.0,   77603.0,   74054.0,   79883.0,   71208.0,   67381.0,  122465.0,  122465.0,   85131.0,  129794.0,   81026.0,  193548.0,   80010.0,   78740.0
   73161.0,  140125.0,   26256.0,   28026.0,       0.0,   79650.0,  152220.0,   11801.0,   72865.0,   81716.0,   68440.0,  111510.0,   91155.0,  135405.0,   81126.0,   42481.0,  149565.0,  150450.0,  146321.0,  140715.0,   92670.0,   60476.0,   67851.0,   83781.0,   80832.0,   82305.0,   63721.0,   73751.0,   79651.0,   80241.0,   80241.0,   81125.0,   87910.0,   74937.0,       0.0,   91441.0,   74977.0,   91441.0,  148183.0,   87864.0,   87864.0,  198744.0,  215208.0,   91441.0,   74977.0,   91441.0,  198744.0,   87864.0,   87864.0,   74977.0,   91441.0,   74977.0,   75271.0,   91441.0,   87849.0,   74977.0,   74977.0,   98203.0,   28812.0,   89087.0,   99960.0,   99960.0,   99960.0,   99960.0,   89972.0,   89087.0,   89087.0,   87325.0,   87031.0,   89383.0,   89677.0,   89677.0,   85561.0,   92323.0,   82322.0,   77911.0,  141711.0,  141711.0,   98493.0,  150234.0,   93786.0,  224029.0,   92610.0,   91141.0
   77128.0,  147726.0,   27679.0,   29545.0,       0.0,   83970.0,  160476.0,   12440.0,   76817.0,   86147.0,   72152.0,  117558.0,   96099.0,  142749.0,   85525.0,   44784.0,  157677.0,  158610.0,  154256.0,  148348.0,   97657.0,   63755.0,   71530.0,   88324.0,   85214.0,   86769.0,   67176.0,   77751.0,   83971.0,   84592.0,   84593.0,   85526.0,   92687.0,   79968.0,   91441.0,       0.0,   80139.0,   97503.0,  157073.0,   91457.0,   91457.0,  210207.0,  227586.0,   97489.0,   80139.0,   97487.0,  210222.0,   91457.0,   91457.0,   80125.0,   97403.0,   80025.0,   80288.0,   97405.0,   91457.0,   80008.0,   80028.0,  104430.0,   30382.0,   94089.0,  105400.0,  105400.0,  105400.0,  105400.0,   94996.0,   94091.0,   94091.0,   92209.0,   91891.0,   94380.0,   94679.0,   94687.0,   90353.0,   97464.0,   86892.0,   82224.0,  149455.0,  149455.0,  103887.0,  158410.0,   98890.0,  236220.0,   97650.0,   96100.0
   63240.0,  121126.0,   22695.0,   24225.0,       0.0,   68850.0,  131580.0,   10200.0,   62985.0,   70635.0,   59160.0,   96390.0,   78795.0,  117045.0,   70125.0,   36720.0,  129285.0,  130050.0,  126480.0,  121636.0,   80073.0,   52275.0,   58650.0,   72420.0,   69870.0,   71145.0,   55080.0,   63751.0,   68851.0,   69360.0,   69361.0,   70126.0,   75999.0,   65790.0,   74977.0,   80139.0,       0.0,   80081.0,  128891.0,   74937.0,   74937.0,  172415.0,  186593.0,   80090.0,   65917.0,   80078.0,  172417.0,   74937.0,   74937.0,   65897.0,   79969.0,   65804.0,   65998.0,   79986.0,   74937.0,   65785.0,   65811.0,   85784.0,   24894.0,   77123.0,   86360.0,   86360.0,   86360.0,   86360.0,   77860.0,   77125.0,   77123.0,   75580.0,   75313.0,   77362.0,   77597.0,   77611.0,   74054.0,   79882.0,   71212.0,   67382.0,  122463.0,  122463.0,   85127.0,  129794.0,   81026.0,  193548.0,   80010.0,   78740.0
   77128.0,  147726.0,   27679.0,   29545.0,       0.0,   83970.0,  160476.0,   12440.0,   76817.0,   86147.0,   72152.0,  117558.0,   96099.0,  142749.0,   85525.0,   44784.0,  157677.0,  158610.0,  154256.0,  148348.0,   97657.0,   63755.0,   71530.0,   88324.0,   85214.0,   86769.0,   67176.0,   77751.0,   83971.0,   84592.0,   84593.0,   85526.0,   92689.0,   79959.0,   91441.0,   97503.0,   80081.0,       0.0,  157069.0,   91457.0,   91457.0,  210208.0,  227572.0,   97498.0,   80129.0,   97480.0,  210218.0,   91457.0,   91457.0,   80135.0,   97401.0,   80028.0,   80287.0,   97404.0,   91457.0,   80008.0,   80038.0,  104438.0,   30382.0,   94095.0,  105400.0,  105400.0,  105400.0,  105400.0,   94996.0,   94097.0,   94095.0,   92215.0,   91892.0,   94387.0,   94680.0,   94694.0,   90353.0,   97470.0,   86891.0,   82218.0,  149455.0,  149455.0,  103889.0,  158410.0,   98890.0,  236220.0,   97650.0,   96100.0
  124992.0,  239401.0,   44856.0,   47880.0,       0.0,  136080.0,  260064.0,   20160.0,  124488.0,  139608.0,  116928.0,  190512.0,  155736.0,  231336.0,  138600.0,   72576.0,  255528.0,  257040.0,  249984.0,  240409.0,  158259.0,  103320.0,  115920.0,  143136.0,  138096.0,  140616.0,  108864.0,  126001.0,  136081.0,  137088.0,  137089.0,  138601.0,  150201.0,  128802.0,  148183.0,  157073.0,  128891.0,  157069.0,       0.0,  148392.0,  148392.0,  340729.0,  368857.0,  157248.0,  129149.0,  157236.0,  340721.0,  148392.0,  148392.0,  129177.0,  157190.0,  129070.0,  129517.0,  157184.0,  148392.0,  129057.0,  129068.0,  168790.0,   49296.0,  152551.0,  171020.0,  171020.0,  171020.0,  171020.0,  154028.0,  152553.0,  152552.0,  149507.0,  148998.0,  153031.0,  153521.0,  153534.0,  146491.0,  158043.0,  140905.0,  133347.0,  242481.0,  242481.0,  168540.0,  257033.0,  160457.0,  383286.0,  158445.0,  155930.0
   73161.0,  140125.0,   26256.0,   28026.0,       0.0,   79650.0,  152220.0,   11801.0,   72865.0,   81716.0,   68440.0,  111510.0,   91155.0,  135405.0,   81126.0,   42481.0,  149565.0,  150450.0,  146321.0,  140715.0,   92668.0,   60476.0,   67851.0,   83781.0,   80832.0,   82305.0,   63721.0,   73751.0,   79651.0,   80241.0,   80241.0,   81125.0,   87910.0,   74937.0,   87864.0,   91457.0,   74937.0,   91457.0,  148392.0,       0.0,   87864.0,  198744.0,  215208.0,   91441.0,   74977.0,   91441.0,  198744.0,   87864.0,   87864.0,   74977.0,   91441.0,   74977.0,   75271.0,   91441.0,   87851.0,   74977.0,   74977.0,   98203.0,   28812.0,   89087.0,   99960.0,   99960.0,   99960.0,   99960.0,   89972.0,   89087.0,   89087.0,   87325.0,   87031.0,   89383.0,   89677.0,   89677.0,   85561.0,   92323.0,   82322.0,   77911.0,  141711.0,  141711.0,   98493.0,  150234.0,   93786.0,  224029.0,   92610.0,   91141.0
   73161.0,  140125.0,   26256.0,   28026.0,       0.0,   79650.0,  152220.0,   11801.0,   72865.0,   81716.0,   68440.0,  111510.0,   91155.0,  135405.0,   81126.0,   42481.0,  149565.0,  150450.0,  146321.0,  140715.0,   92670.0,   60476.0,   67851.0,   83781.0,   80832.0,   82305.0,   63721.0,   73751.0,   79651.0,   80241.0,   80241.0,   81125.0,   87910.0,   74937.0,   87864.0,   91457.0,   74937.0,   91457.0,  148392.0,   87864.0,       0.0,  198744.0,  215208.0,   91441.0,   74977.0,   91441.0,  198744.0,   87864.0,   87864.0,   74977.0,   91441.0,   74977.0,   75271.0,   91441.0,   87851.0,   74977.0,   74977.0,   98203.0,   28812.0,   89087.0,   99960.0,   99960.0,   99960.0,   99960.0,   89972.0,   89087.0,   89087.0,   87325.0,   87031.0,   89383.0,   89677.0,   89677.0,   85561.0,   92323.0,   82322.0,   77911.0,  141711.0,  141711.0,   98493.0,  150234.0,   93786.0,  224029.0,   92610.0,   91141.0
  167648.0,  321101.0,   60164.0,   64220.0,       0.0,  182520.0,  348816.0,   27040.0,  166972.0,  187252.0,  156832.0,  255528.0,  208884.0,  310284.0,  185900.0,   97344.0,  342732.0,  344760.0,  335296.0,  322453.0,  212265.0,  138580.0,  155480.0,  191984.0,  185224.0,  188604.0,  146016.0,  169001.0,  182521.0,  183872.0,  183873.0,  185901.0,  201449.0,  172335.0,  198744.0,  210207.0,  172415.0,  210208.0,  340729.0,  198744.0,  198744.0,       0.0,  494773.0,  210591.0,  172847.0,  210571.0,  457027.0,  199125.0,  199125.0,  172829.0,  210521.0,  172767.0,  173402.0,  210547.0,  199125.0,  172776.0,  172780.0,  226078.0,   66152.0,  204607.0,  229500.0,  229500.0,  229500.0,  229500.0,  206620.0,  204609.0,  204608.0,  200548.0,  199870.0,  205268.0,  205943.0,  205942.0,  196504.0,  212010.0,  189036.0,  178913.0,  325365.0,  325365.0,  226140.0,  344925.0,  215325.0,  514350.0,  212625.0,  209250.0
  181536.0,  347701.0,   65148.0,   69540.0,       0.0,  197640.0,  377712.0,   29280.0,  180804.0,  202764.0,  169824.0,  276696.0,  226188.0,  335988.0,  201300.0,  105408.0,  371124.0,  373320.0,  363072.0,  349165.0,  229849.0,  150060.0,  168360.0,  207888.0,  200568.0,  204228.0,  158112.0,  183001.0,  197641.0,  199104.0,  199105.0,  201301.0,  218137.0,  186527.0,  215208.0,  227586.0,  186593.0,  227572.0,  368857.0,  215208.0,  215208.0,  494773.0,       0.0,  228020.0,  187070.0,  227997.0,  494829.0,  215645.0,  215645.0,  187062.0,  227952.0,  187009.0,  187711.0,  227977.0,  215645.0,  187012.0,  187006.0,  244753.0,   71640.0,  221575.0,  248540.0,  248540.0,  248540.0,  248540.0,  223756.0,  221577.0,  221576.0,  217182.0,  216446.0,  222295.0,  223023.0,  223025.0,  212800.0,  229596.0,  204716.0,  193753.0,  352357.0,  352357.0,  244900.0,  373541.0,  233189.0,  557022.0,  230265.0,  226610.0
   77128.0,  147726.0,   27679.0,   29545.0,       0.0,   83970.0,  160476.0,   12440.0,   76817.0,   86147.0,   72152.0,  117558.0,   96099.0,  142749.0,   85525.0,   44784.0,  157677.0,  158610.0,  154256.0,  148348.0,   97657.0,   63755.0,   71530.0,   88324.0,   85214.0,   86769.0,   67177.0,   77752.0,   83970.0,   84592.0,   84592.0,   85525.0,   92687.0,   79959.0,   91441.0,   97489.0,   80090.0,   97498.0,  157248.0,   91441.0,   91441.0,  210591.0,  228020.0,       0.0,   80129.0,   97485.0,  210236.0,   91457.0,   91457.0,   80111.0,   97390.0,   80037.0,   80287.0,   97400.0,   91457.0,   80003.0,   80034.0,  104432.0,   30382.0,   94089.0,  105400.0,  105400.0,  105400.0,  105400.0,   94995.0,   94091.0,   94090.0,   92211.0,   91890.0,   94383.0,   94678.0,   94690.0,   90353.0,   97466.0,   86892.0,   82224.0,  149455.0,  149455.0,  103887.0,  158410.0,   98890.0,  236220.0,   97650.0,   96100.0
   63240.0,  121126.0,   22695.0,   24225.0,       0.0,   68850.0,  131580.0,   10200.0,   62985.0,   70635.0,   59160.0,   96390.0,   78795.0,  117045.0,   70125.0,   36720.0,  129285.0,  130050.0,  126480.0,  121636.0,   80073.0,   52275.0,   58650.0,   72420.0,   69870.0,   71145.0,   55080.0,   63751.0,   68851.0,   69360.0,   69361.0,   70126.0,   75999.0,   65774.0,   74977.0,   80139.0,   65917.0,   80129.0,  129149.0,   74977.0,   74977.0,  172847.0,  187070.0,   80129.0,       0.0,   80055.0,  172421.0,   74937.0,   74937.0,   65898.0,   79957.0,   65784.0,   65985.0,   79968.0,   74937.0,   65760.0,   65788.0,   85765.0,   24894.0,   77125.0,   86360.0,   86360.0,   86360.0,   86360.0,   77859.0,   77127.0,   77126.0,   75580.0,   75314.0,   77360.0,   77598.0,   77611.0,   74057.0,   79882.0,   71212.0,   67384.0,  122463.0,  122463.0,   85127.0,  129794.0,   81026.0,  193548.0,   80010.0,   78740.0
   77128.0,  147726.0,   27679.0,   29545.0,       0.0,   83970.0,  160476.0,   12440.0,   76817.0,   86147.0,   72152.0,  117558.0,   96099.0,  142749.0,   85525.0,   44784.0,  157677.0,  158610.0,  154256.0,  148348.0,   97657.0,   63755.0,   71530.0,   88324.0,   85214.0,   86769.0,   67176.0,   77751.0,   83971.0,   84592.0,   84593.0,   85526.0,   92687.0,   79945.0,   91441.0,   97487.0,   80078.0,   97480.0,  157236.0,   91441.0,   91441.0,  210571.0,  227997.0,   97485.0,   80055.0,       0.0,  210231.0,   91457.0,   91457.0,   80100.0,   97383.0,   80011.0,   80269.0,   97392.0,   91457.0,   80002.0,   80014.0,  104409.0,   30382.0,   94081.0,  105400.0,  105400.0,  105400.0,  105400.0,   94989.0,   94083.0,   94081.0,   92206.0,   91886.0,   94384.0,   94674.0,   94691.0,   90348.0,   97465.0,   86892.0,   82221.0,  149457.0,  149457.0,  103889.0,  158410.0,   98890.0,  236220.0,   97650.0,   96100.0
  167648.0,  321101.0,   60164.0,   64220.0,       0.0,  182520.0,  348816.0,   27040.0,  166972.0,  187252.0,  156832.0,  255528.0,  208884.0,  310284.0,  185900.0,   97344.0,  342732.0,  344760.0,  335296.0,  322453.0,  212265.0,  138580.0,  155480.0,  191984.0,  185224.0,  188604.0,  146016.0,  169001.0,  182521.0,  183872.0,  183873.0,  185901.0,  201449.0,  172341.0,  198744.0,  210222.0,  172417.0,  210218.0,  340721.0,  198744.0,  198744.0,  457027.0,  494829.0,  210236.0,  172421.0,  210231.0,       0.0,  199125.0,  199125.0,  172817.0,  210522.0,  172778.0,  173412.0,  210551.0,  199125.0,  172769.0,  172797.0,  226089.0,   66152.0,  204601.0,  229500.0,  229500.0,  229500.0,  229500.0,  206621.0,  204603.0,  204602.0,  200552.0,  199870.0,  205280.0,  205943.0,  205954.0,  196501.0,  212012.0,  189036.0,  178913.0,  325365.0,  325365.0,  226140.0,  344925.0,  215325.0,  514350.0,  212625.0,  209250.0
   73161.0,  140125.0,   26256.0,   28026.0,       0.0,   79650.0,  152220.0,   11801.0,   72865.0,   81716.0,   68440.0,  111510.0,   91155.0,  135405.0,   81126.0,   42481.0,  149565.0,  150450.0,  146321.0,  140715.0,   92670.0,   60476.0,   67851.0,   83781.0,   80832.0,   82305.0,   63721.0,   73751.0,   79651.0,   80241.0,   80241.0,   81125.0,   87910.0,   74937.0,   87864.0,   91457.0,   74937.0,   91457.0,  148392.0,   87864.0,   87864.0,  199125.0,  215645.0,   91457.0,   74937.0,   91457.0,  199125.0,       0.0,   87864.0,   74977.0,   91441.0,   74977.0,   75271.0,   91441.0,   87851.0,   74977.0,   74977.0,   98203.0,   28812.0,   89087.0,   99960.0,   99960.0,   99960.0,   99960.0,   89972.0,   89087.0,   89087.0,   87325.0,   87031.0,   89383.0,   89677.0,   89677.0,   85561.0,   92323.0,   82322.0,   77911.0,  141711.0,  141711.0,   98493.0,  150234.0,   93786.0,  224029.0,   92610.0,   91141.0
   73161.0,  140125.0,   26256.0,   28026.0,       0.0,   79650.0,  152220.0,   11801.0,   72865.0,   81716.0,   68440.0,  111510.0,   91155.0,  135405.0,   81126.0,   42481.0,  149565.0,  150450.0,  146321.0,  140715.0,   92670.0,   60476.0,   67851.0,   83781.0,   80832.0,   82305.0,   63721.0,   73751.0,   79651.0,   80241.0,   80241.0,   81125.0,   87910.0,   74937.0,   87864.0,   91457.0,   74937.0,   91457.0,  148392.0,   87864.0,   87864.0,  199125.0,  215645.0,   91457.0,   74937.0,   91457.0,  199125.0,   87864.0,       0.0,   74977.0,   91441.0,   74977.0,   75271.0,   91441.0,   87851.0,   74977.0,   74977.0,   98203.0,   28812.0,   89087.0,   99960.0,   99960.0,   99960.0,   99960.0,   89972.0,   89087.0,   89087.0,   87325.0,   87031.0,   89383.0,   89677.0,   89677.0,   85561.0,   92323.0,   82322.0,   77911.0,  141711.0,  141711.0,   98493.0,  150234.0,   93786.0,  224029.0,   92610.0,   91141.0
   63240.0,  121126.0,   22695.0,   24225.0,       0.0,   68850.0,  131580.0,   10200.0,   62985.0,   70635.0,   59160.0,   96390.0,   78795.0,  117045.0,   70125.0,   36720.0,  129285.0,  130050.0,  126480.0,  121636.0,   80073.0,   52275.0,   58650.0,   72420.0,   69870.0,   71145.0,   55080.0,   63751.0,   68851.0,   69360.0,   69361.0,   70126.0,   75999.0,   65788.0,   74977.0,   80125.0,   65897.0,   80135.0,  129177.0,   74977.0,   74977.0,  172829.0,  187062.0,   80111.0,   65898.0,   80100.0,  172817.0,   74977.0,   74977.0,       0.0,   79980.0,   65802.0,   66000.0,   79968.0,   74937.0,   65770.0,   65795.0,   85783.0,   24894.0,   77123.0,   86360.0,   86360.0,   86360.0,   86360.0,   77858.0,   77125.0,   77123.0,   75580.0,   75313.0,   77360.0,   77597.0,   77611.0,   74054.0,   79882.0,   71212.0,   67384.0,  122463.0,  122463.0,   85127.0,  129794.0,   81026.0,  193548.0,   80010.0,   78740.0
   77128.0,  147726.0,   27679.0,   29545.0,       0.0,   83970.0,  160476.0,   12440.0,   76817.0,   86147.0,   72152.0,  117558.0,   96099.0,  142749.0,   85525.0,   44784.0,  157677.0,  158610.0,  154256.0,  148348.0,   97657.0,   63755.0,   71530.0,   88324.0,   85214.0,   86769.0,   67176.0,   77751.0,   83971.0,   84592.0,   84593.0,   85526.0,   92689.0,   80083.0,   91441.0,   97403.0,   79969.0,   97401.0,  157190.0,   91441.0,   91441.0,  210521.0,  227952.0,   97390.0,   79957.0,   97383.0,  210522.0,   91441.0,   91441.0,   79980.0,       0.0,   80146.0,   80427.0,   97485.0,   91457.0,   80132.0,   80117.0,  104549.0,   30382.0,   94088.0,  105400.0,  105400.0,  105400.0,  105400.0,   94993.0,   94090.0,   94088.0,   92207.0,   91887.0,   94376.0,   94677.0,   94683.0,   90350.0,   97467.0,   86887.0,   82221.0,  149457.0,  149457.0,  103891.0,  158410.0,   98890.0,  236220.0,   97650.0,   96100.0
   63240.0,  121126.0,   22695.0,   24225.0,       0.0,   68850.0,  131580.0,   10200.0,   62985.0,   70635.0,   59160.0,   96390.0,   78795.0,  117045.0,   70125.0,   36720.0,  129285.0,  130050.0,  126480.0,  121636.0,   80073.0,   52275.0,   58650.0,   72420.0,   69870.0,   71145.0,   55081.0,   63752.0,   68850.0,   69360.0,   69360.0,   70125.0,   76001.0,   65928.0,   74977.0,   80025.0,   65804.0,   80028.0,  129070.0,   74977.0,   74977.0,  172767.0,  187009.0,   80037.0,   65784.0,   80011.0,  172778.0,   74977.0,   74977.0,   65802.0,   80146.0,       0.0,   66169.0,   80060.0,   74937.0,   65916.0,   65918.0,   85914.0,   24894.0,   77119.0,   86360.0,   86360.0,   86360.0,   86360.0,   77859.0,   77121.0,   77119.0,   75576.0,   75313.0,   77353.0,   77599.0,   77604.0,   74054.0,   79885.0,   71208.0,   67381.0,  122465.0,  122465.0,   85131.0,  129794.0,   81026.0,  193548.0,   80010.0,   78740.0
   63488.0,  121601.0,   22784.0,   24320.0,       0.0,   69120.0,  132096.0,   10240.0,   63232.0,   70912.0,   59392.0,   96768.0,   79104.0,  117504.0,   70400.0,   36864.0,  129792.0,  130560.0,  126976.0,  122113.0,   80387.0,   52480.0,   58880.0,   72704.0,   70144.0,   71424.0,   55296.0,   64001.0,   69121.0,   69632.0,   69633.0,   70401.0,   76299.0,   66177.0,   75271.0,   80288.0,   65998.0,   80287.0,  129517.0,   75271.0,   75271.0,  173402.0,  187711.0,   80287.0,   65985.0,   80269.0,  173412.0,   75271.0,   75271.0,   66000.0,   80427.0,   66169.0,       0.0,   80357.0,   75232.0,   66149.0,   66144.0,   86231.0,   24992.0,   77422.0,   86700.0,   86700.0,   86700.0,   86700.0,   78163.0,   77425.0,   77423.0,   75872.0,   75607.0,   77656.0,   77902.0,   77906.0,   74345.0,   80197.0,   71488.0,   67646.0,  122948.0,  122948.0,   85467.0,  130305.0,   81345.0,  194310.0,   80325.0,   79050.0
   77128.0,  147726.0,   27679.0,   29545.0,       0.0,   83970.0,  160476.0,   12440.0,   76817.0,   86147.0,   72152.0,  117558.0,   96099.0,  142749.0,   85525.0,   44784.0,  157677.0,  158610.0,  154256.0,  148348.0,   97657.0,   63755.0,   71530.0,   88324.0,   85214.0,   86769.0,   67176.0,   77751.0,   83971.0,   84592.0,   84593.0,   85526.0,   92689.0,   80062.0,   91441.0,   97405.0,   79986.0,   97404.0,  157184.0,   91441.0,   91441.0,  210547.0,  227977.0,   97400.0,   79968.0,   97392.0,  210551.0,   91441.0,   91441.0,   79968.0,   97485.0,   80060.0,   80357.0,       0.0,   91457.0,   80096.0,   80125.0,  104524.0,   30382.0,   94089.0,  105400.0,  105400.0,  105400.0,  105400.0,   94992.0,   94091.0,   94089.0,   92206.0,   91886.0,   94375.0,   94676.0,   94680.0,   90349.0,   97466.0,   86885.0,   82221.0,  149457.0,  149457.0,  103891.0,  158410.0,   98890.0,  236220.0,   97650.0,   96100.0
   73161.0,  140125.0,   26256.0,   28026.0,       0.0,   79650.0,  152220.0,   11801.0,   72865.0,   81716.0,   68440.0,  111510.0,   91155.0,  135405.0,   81126.0,   42481.0,  149565.0,  150450.0,  146321.0,  140715.0,   92668.0,   60476.0,   67851.0,   83781.0,   80832.0,   82305.0,   63721.0,   73751.0,   79651.0,   80241.0,   80241.0,   81125.0,   87910.0,   74937.0,   87849.0,   91457.0,   74937.0,   91457.0,  148392.0,   87851.0,   87851.0,  199125.0,  215645.0,   91457.0,   74937.0,   91457.0,  199125.0,   87851.0,   87851.0,   74937.0,   91457.0,   74937.0,   75232.0,   91457.0,       0.0,   74977.0,   74977.0,   98203.0,   28812.0,   89087.0,   99960.0,   99960.0,   99960.0,   99960.0,   89972.0,   89087.0,   89087.0,   87325.0,   87031.0,   89383.0,   89677.0,   89677.0,   85561.0,   92323.0,   82322.0,   77911.0,  141711.0,  141711.0,   98493.0,  150234.0,   93786.0,  224029.0,   92610.0,   91141.0
   63240.0,  121126.0,   22695.0,   24225.0,       0.0,   68850.0,  131580.0,   10200.0,   62985.0,   70635.0,   59160.0,   96390.0,   78795.0,  117045.0,   70125.0,   36720.0,  129285.0,  130050.0,  126480.0,  121636.0,   80073.0,   52275.0,   58650.0,   72420.0,   69870.0,   71145.0,   55080.0,   63751.0,   68851.0,   69360.0,   69361.0,   70126.0,   76001.0,   65908.0,   74977.0,   80008.0,   65785.0,   80008.0,  129057.0,   74977.0,   74977.0,  172776.0,  187012.0,   80003.0,   65760.0,   80002.0,  172769.0,   74977.0,   74977.0,   65770.0,   80132.0,   65916.0,   66149.0,   80096.0,   74977.0,       0.0,   65898.0,   85907.0,   24894.0,   77110.0,   86360.0,   86360.0,   86360.0,   86360.0,   77855.0,   77113.0,   77111.0,   75572.0,   75311.0,   77351.0,   77595.0,   77602.0,   74052.0,   79879.0,   71208.0,   67379.0,  122464.0,  122464.0,   85130.0,  129794.0,   81026.0,  193548.0,   80010.0,   78740.0
   63240.0,  121126.0,   22695.0,   24225.0,       0.0,   68850.0,  131580.0,   10200.0,   62985.0,   70635.0,   59160.0,   96390.0,   78795.0,  117045.0,   70125.0,   36720.0,  129285.0,  130050.0,  126480.0,  121636.0,   80073.0,   52275.0,   58650.0,   72420.0,   69870.0,   71145.0,   55080.0,   63751.0,   68851.0,   69360.0,   69361.0,   70126.0,   76001.0,   65908.0,   74977.0,   80028.0,   65811.0,   80038.0,  129068.0,   74977.0,   74977.0,  172780.0,  187006.0,   80034.0,   65788.0,   80014.0,  172797.0,   74977.0,   74977.0,   65795.0,   80117.0,   65918.0,   66144.0,   80125.0,   74977.0,   65898.0,       0.0,   85910.0,   24894.0,   77115.0,   86360.0,   86360.0,   86360.0,   86360.0,   77857.0,   77118.0,   77116.0,   75575.0,   75313.0,   77354.0,   77597.0,   77604.0,   74050.0,   79882.0,   71208.0,   67381.0,  122464.0,  122464.0,   85130.0,  129794.0,   81026.0,  193548.0,   80010.0,   78740.0
   82832.0,  158650.0,   29726.0,   31731.0,       0.0,   90180.0,  172344.0,   13360.0,   82498.0,   92518.0,   77488.0,  126252.0,  103206.0,  153306.0,   91850.0,   48096.0,  169338.0,  170341.0,  165665.0,  159318.0,  104878.0,   68470.0,   76820.0,   94856.0,   91516.0,   93186.0,   72144.0,   83500.0,   90181.0,   90848.0,   90849.0,   91851.0,   99540.0,   85916.0,   98203.0,  104430.0,   85784.0,  104438.0,  168790.0,   98203.0,   98203.0,  226078.0,  244753.0,  104432.0,   85765.0,  104409.0,  226089.0,   98203.0,   98203.0,   85783.0,  104549.0,   85914.0,   86231.0,  104524.0,   98203.0,   85907.0,   85910.0,       0.0,   32637.0,  101039.0,  113220.0,  113220.0,  113220.0,  113220.0,  102018.0,  101042.0,  101040.0,   99023.0,   98686.0,  101357.0,  101681.0,  101687.0,   97027.0,  104672.0,   93319.0,   88309.0,  160541.0,  160541.0,  111591.0,  170163.0,  106227.0,  253746.0,  104895.0,  103230.0
   24304.0,   46551.0,    8722.0,    9311.0,       0.0,   26460.0,   50568.0,    3920.0,   24206.0,   27146.0,   22737.0,   37044.0,   30283.0,   44982.0,   26952.0,   14112.0,   49687.0,   49982.0,   48609.0,   46746.0,   30773.0,   20091.0,   22541.0,   27832.0,   26853.0,   27344.0,   21168.0,   24500.0,   26460.0,   26656.0,   26656.0,   26951.0,   29204.0,   24894.0,   28812.0,   30382.0,   24894.0,   30382.0,   49296.0,   28812.0,   28812.0,   66152.0,   71640.0,   30382.0,   24894.0,   30382.0,   66152.0,   28812.0,   28812.0,   24894.0,   30382.0,   24894.0,   24992.0,   30382.0,   28812.0,   24894.0,   24894.0,   32637.0,       0.0,   29394.0,   32981.0,   32981.0,   32981.0,   32981.0,   29686.0,   29394.0,   29394.0,   28812.0,   28720.0,   29492.0,   29593.0,   29589.0,   28232.0,   30466.0,   27164.0,   25706.0,   46754.0,   46754.0,   32495.0,   49567.0,   30944.0,   73914.0,   30556.0,   30070.0
   75145.0,  143926.0,   26967.0,   28785.0,       0.0,   81811.0,  156349.0,   12120.0,   74841.0,   83931.0,   70297.0,  114534.0,   93628.0,  139077.0,   83327.0,   43632.0,  153622.0,  154531.0,  150288.0,  144531.0,   95145.0,   62116.0,   69691.0,   86052.0,   83023.0,   84539.0,   65448.0,   75750.0,   81811.0,   82416.0,   82416.0,   83326.0,   90300.0,   77117.0,   89087.0,   94089.0,   77123.0,   94095.0,  152551.0,   89087.0,   89087.0,  204607.0,  221575.0,   94089.0,   77125.0,   94081.0,  204601.0,   89087.0,   89087.0,   77123.0,   94088.0,   77119.0,   77422.0,   94089.0,   89087.0,   77110.0,   77115.0,  101039.0,   29394.0,       0.0,  102681.0,  102681.0,  102681.0,  102681.0,   92583.0,   92558.0,   92496.0,   89868.0,   89559.0,   91984.0,   92275.0,   92274.0,   88037.0,   94997.0,   84663.0,   80115.0,  145598.0,  145598.0,  101209.0,  154322.0,   96339.0,  230124.0,   95131.0,   93620.0
   84320.0,  161501.0,   30260.0,   32300.0,       0.0,   91800.0,  175440.0,   13600.0,   83980.0,   94180.0,   78881.0,  128521.0,  105062.0,  156060.0,   93503.0,   48960.0,  172381.0,  173401.0,  168640.0,  162180.0,  106761.0,   69701.0,   78201.0,   96561.0,   93161.0,   94862.0,   73440.0,   85000.0,   91800.0,   92480.0,   92480.0,   93501.0,  101320.0,   86360.0,   99960.0,  105400.0,   86360.0,  105400.0,  171020.0,   99960.0,   99960.0,  229500.0,  248540.0,  105400.0,   86360.0,  105400.0,  229500.0,   99960.0,   99960.0,   86360.0,  105400.0,   86360.0,   86700.0,  105400.0,   99960.0,   86360.0,   86360.0,  113220.0,   32981.0,  102681.0,       0.0,  116273.0,  116314.0,  116247.0,  103735.0,  102718.0,  102718.0,  100684.0,  100345.0,  103057.0,  103396.0,  103396.0,   98649.0,  106446.0,   94920.0,   89835.0,  163398.0,  163398.0,  113565.0,  173229.0,  108142.0,  258318.0,  106786.0,  105090.0
   84320.0,  161501.0,   30260.0,   32300.0,       0.0,   91800.0,  175440.0,   13600.0,   83980.0,   94180.0,   78881.0,  128521.0,  105062.0,  156060.0,   93503.0,   48960.0,  172381.0,  173401.0,  168640.0,  162180.0,  106761.0,   69701.0,   78201.0,   96561.0,   93161.0,   94862.0,   73440.0,   85000.0,   91800.0,   92480.0,   92480.0,   93501.0,  101320.0,   86360.0,   99960.0,  105400.0,   86360.0,  105400.0,  171020.0,   99960.0,   99960.0,  229500.0,  248540.0,  105400.0,   86360.0,  105400.0,  229500.0,   99960.0,   99960.0,   86360.0,  105400.0,   86360.0,   86700.0,  105400.0,   99960.0,   86360.0,   86360.0,  113220.0,   32981.0,  102681.0,  116273.0,       0.0,  116301.0,  116273.0,  103735.0,  102718.0,  102718.0,  100684.0,  100345.0,  103057.0,  103396.0,  103396.0,   98649.0,  106446.0,   94920.0,   89837.0,  163398.0,  163398.0,  113565.0,  173229.0,  108142.0,  258318.0,  106786.0,  105090.0
   84320.0,  161501.0,   30260.0,   32300.0,       0.0,   91800.0,  175440.0,   13600.0,   83980.0,   94180.0,   78881.0,  128521.0,  105062.0,  156060.0,   93503.0,   48960.0,  172381.0,  173401.0,  168640.0,  162180.0,  106761.0,   69701.0,   78201.0,   96561.0,   93161.0,   94862.0,   73440.0,   85000.0,   91800.0,   92480.0,   92480.0,   93501.0,  101320.0,   86360.0,   99960.0,  105400.0,   86360.0,  105400.0,  171020.0,   99960.0,   99960.0,  229500.0,  248540.0,  105400.0,   86360.0,  105400.0,  229500.0,   99960.0,   99960.0,   86360.0,  105400.0,   86360.0,   86700.0,  105400.0,   99960.0,   86360.0,   86360.0,  113220.0,   32981.0,  102681.0,  116314.0,  116301.0,       0.0,  116264.0,  103735.0,  102718.0,  102718.0,  100684.0,  100345.0,  103057.0,  103396.0,  103396.0,   98649.0,  106446.0,   94920.0,   89837.0,  163398.0,  163398.0,  113565.0,  173229.0,  108142.0,  258318.0,  106786.0,  105090.0
   84320.0,  161501.0,   30260.0,   32300.0,       0.0,   91800.0,  175440.0,   13600.0,   83980.0,   94180.0,   78881.0,  128521.0,  105062.0,  156060.0,   93503.0,   48960.0,  172381.0,  173401.0,  168640.0,  162180.0,  106761.0,   69701.0,   78201.0,   96561.0,   93161.0,   94862.0,   73440.0,   85000.0,   91800.0,   92480.0,   92480.0,   93501.0,  101320.0,   86360.0,   99960.0,  105400.0,   86360.0,  105400.0,  171020.0,   99960.0,   99960.0,  229500.0,  248540.0,  105400.0,   86360.0,  105400.0,  229500.0,   99960.0,   99960.0,   86360.0,  105400.0,   86360.0,   86700.0,  105400.0,   99960.0,   86360.0,   86360.0,  113220.0,   32981.0,  102681.0,  116247.0,  116273.0,  116264.0,       0.0,  103735.0,  102718.0,  102718.0,  100684.0,  100345.0,  103057.0,  103396.0,  103396.0,   98649.0,  106446.0,   94920.0,   89837.0,  163398.0,  163398.0,  113565.0,  173229.0,  108142.0,  258318.0,  106786.0,  105090.0
   75888.0,  145351.0,   27234.0,   29070.0,       0.0,   82621.0,  157897.0,   12240.0,   75583.0,   84763.0,   70993.0,  115669.0,   94555.0,  140455.0,   84152.0,   44064.0,  155144.0,  156061.0,  151776.0,  145962.0,   96087.0,   62731.0,   70381.0,   86904.0,   83845.0,   85376.0,   66096.0,   76500.0,   82620.0,   83232.0,   83232.0,   84151.0,   91195.0,   77857.0,   89972.0,   94996.0,   77860.0,   94996.0,  154028.0,   89972.0,   89972.0,  206620.0,  223756.0,   94995.0,   77859.0,   94989.0,  206621.0,   89972.0,   89972.0,   77858.0,   94993.0,   77859.0,   78163.0,   94992.0,   89972.0,   77855.0,   77857.0,  102018.0,   29686.0,   92583.0,  103735.0,  103735.0,  103735.0,  103735.0,       0.0,   92602.0,   92589.0,   91015.0,   90966.0,   93136.0,   93775.0,   93446.0,   89299.0,   96318.0,   85483.0,   80895.0,  147063.0,  147064.0,  102231.0,  155855.0,   97296.0,  232410.0,   96076.0,   94550.0
   75145.0,  143926.0,   26967.0,   28785.0,       0.0,   81811.0,  156349.0,   12120.0,   74841.0,   83931.0,   70297.0,  114534.0,   93628.0,  139077.0,   83327.0,   43632.0,  153622.0,  154531.0,  150288.0,  144531.0,   95145.0,   62116.0,   69691.0,   86052.0,   83023.0,   84539.0,   65448.0,   75750.0,   81811.0,   82416.0,   82416.0,   83326.0,   90300.0,   77119.0,   89087.0,   94091.0,   77125.0,   94097.0,  152553.0,   89087.0,   89087.0,  204609.0,  221577.0,   94091.0,   77127.0,   94083.0,  204603.0,   89087.0,   89087.0,   77125.0,   94090.0,   77121.0,   77425.0,   94091.0,   89087.0,   77113.0,   77118.0,  101042.0,   29394.0,   92558.0,  102718.0,  102718.0,  102718.0,  102718.0,   92602.0,       0.0,   92453.0,   89883.0,   89569.0,   91991.0,   92285.0,   92280.0,   88049.0,   95011.0,   84667.0,   80119.0,  145607.0,  145607.0,  101218.0,  154322.0,   96339.0,  230124.0,   95131.0,   93620.0
   75145.0,  143926.0,   26967.0,   28785.0,       0.0,   81811.0,  156349.0,   12120.0,   74841.0,   83931.0,   70297.0,  114534.0,   93628.0,  139077.0,   83327.0,   43632.0,  153622.0,  154531.0,  150288.0,  144531.0,   95145.0,   62116.0,   69691.0,   86052.0,   83023.0,   84539.0,   65448.0,   75750.0,   81811.0,   82416.0,   82416.0,   83326.0,   90300.0,   77117.0,   89087.0,   94091.0,   77123.0,   94095.0,  152552.0,   89087.0,   89087.0,  204608.0,  221576.0,   94090.0,   77126.0,   94081.0,  204602.0,   89087.0,   89087.0,   77123.0,   94088.0,   77119.0,   77423.0,   94089.0,   89087.0,   77111.0,   77116.0,  101040.0,   29394.0,   92496.0,  102718.0,  102718.0,  102718.0,  102718.0,   92589.0,   92453.0,       0.0,   89874.0,   89569.0,   91990.0,   92287.0,   92282.0,   88049.0,   95000.0,   84662.0,   80125.0,  145598.0,  145598.0,  101210.0,  154322.0,   96339.0,  230124.0,   95131.0,   93620.0
   73656.0,  141076.0,   26433.0,   28215.0,       0.0,   80190.0,  153252.0,   11880.0,   73359.0,   82269.0,   68905.0,  112266.0,   91774.0,  136323.0,   81677.0,   42768.0,  150580.0,  151471.0,  147312.0,  141669.0,   93261.0,   60886.0,   68311.0,   84348.0,   81379.0,   82865.0,   64152.0,   74250.0,   80190.0,   80784.0,   80784.0,   81676.0,   88517.0,   75575.0,   87325.0,   92209.0,   75580.0,   92215.0,  149507.0,   87325.0,   87325.0,  200548.0,  217182.0,   92211.0,   75580.0,   92206.0,  200552.0,   87325.0,   87325.0,   75580.0,   92207.0,   75576.0,   75872.0,   92206.0,   87325.0,   75572.0,   75575.0,   99023.0,   28812.0,   89868.0,  100684.0,  100684.0,  100684.0,  100684.0,   91015.0,   89883.0,   89874.0,       0.0,   88095.0,   90375.0,   90759.0,   90651.0,   86590.0,   93420.0,   82966.0,   78528.0,  142725.0,  142726.0,   99220.0,  151256.0,   94425.0,  225552.0,   93241.0,   91760.0
   73408.0,  140601.0,   26344.0,   28120.0,       0.0,   79921.0,  152737.0,   11840.0,   73113.0,   81993.0,   68673.0,  111889.0,   91465.0,  135865.0,   81402.0,   42624.0,  150074.0,  150961.0,  146816.0,  141192.0,   92947.0,   60681.0,   68081.0,   84064.0,   81105.0,   82586.0,   63936.0,   74000.0,   79920.0,   80512.0,   80512.0,   81401.0,   88218.0,   75311.0,   87031.0,   91891.0,   75313.0,   91892.0,  148998.0,   87031.0,   87031.0,  199870.0,  216446.0,   91890.0,   75314.0,   91886.0,  199870.0,   87031.0,   87031.0,   75313.0,   91887.0,   75313.0,   75607.0,   91886.0,   87031.0,   75311.0,   75313.0,   98686.0,   28720.0,   89559.0,  100345.0,  100345.0,  100345.0,  100345.0,   90966.0,   89569.0,   89569.0,   88095.0,       0.0,   90098.0,   90979.0,   90410.0,   86475.0,   93192.0,   82680.0,   78248.0,  142237.0,  142238.0,   98875.0,  150745.0,   94106.0,  224790.0,   92926.0,   91450.0
   75392.0,  144401.0,   27056.0,   28880.0,       0.0,   82081.0,  156865.0,   12160.0,   75089.0,   84209.0,   70529.0,  114913.0,   93937.0,  139537.0,   83602.0,   43776.0,  154130.0,  155041.0,  150784.0,  145008.0,   95459.0,   62321.0,   69921.0,   86336.0,   83297.0,   84818.0,   65664.0,   76000.0,   82080.0,   82688.0,   82688.0,   83601.0,   90602.0,   77352.0,   89383.0,   94380.0,   77362.0,   94387.0,  153031.0,   89383.0,   89383.0,  205268.0,  222295.0,   94383.0,   77360.0,   94384.0,  205280.0,   89383.0,   89383.0,   77360.0,   94376.0,   77353.0,   77656.0,   94375.0,   89383.0,   77351.0,   77354.0,  101357.0,   29492.0,   91984.0,  103057.0,  103057.0,  103057.0,  103057.0,   93136.0,   91991.0,   91990.0,   90375.0,   90098.0,       0.0,   92848.0,   93346.0,   88596.0,   95542.0,   84926.0,   80375.0,  146082.0,  146083.0,  101545.0,  154833.0,   96658.0,  230886.0,   95446.0,   93930.0
   75640.0,  144876.0,   27145.0,   28975.0,       0.0,   82351.0,  157381.0,   12200.0,   75336.0,   84486.0,   70761.0,  115291.0,   94246.0,  139996.0,   83877.0,   43920.0,  154637.0,  155551.0,  151280.0,  145485.0,   95773.0,   62526.0,   70151.0,   86620.0,   83571.0,   85097.0,   65880.0,   76250.0,   82350.0,   82960.0,   82960.0,   83876.0,   90900.0,   77597.0,   89677.0,   94679.0,   77597.0,   94680.0,  153521.0,   89677.0,   89677.0,  205943.0,  223023.0,   94678.0,   77598.0,   94674.0,  205943.0,   89677.0,   89677.0,   77597.0,   94677.0,   77599.0,   77902.0,   94676.0,   89677.0,   77595.0,   77597.0,  101681.0,   29593.0,   92275.0,  103396.0,  103396.0,  103396.0,  103396.0,   93775.0,   92285.0,   92287.0,   90759.0,   90979.0,   92848.0,       0.0,   93177.0,   89108.0,   96033.0,   85200.0,   80632.0,  146573.0,  146574.0,  101888.0,  155344.0,   96977.0,  231648.0,   95761.0,   94240.0
   75640.0,  144876.0,   27145.0,   28975.0,       0.0,   82351.0,  157381.0,   12200.0,   75336.0,   84486.0,   70761.0,  115291.0,   94246.0,  139996.0,   83877.0,   43920.0,  154637.0,  155551.0,  151280.0,  145485.0,   95773.0,   62526.0,   70151.0,   86620.0,   83571.0,   85097.0,   65880.0,   76250.0,   82350.0,   82960.0,   82960.0,   83876.0,   90900.0,   77603.0,   89677.0,   94687.0,   77611.0,   94694.0,  153534.0,   89677.0,   89677.0,  205942.0,  223025.0,   94690.0,   77611.0,   94691.0,  205954.0,   89677.0,   89677.0,   77611.0,   94683.0,   77604.0,   77906.0,   94680.0,   89677.0,   77602.0,   77604.0,  101687.0,   29589.0,   92274.0,  103396.0,  103396.0,  103396.0,  103396.0,   93446.0,   92280.0,   92282.0,   90651.0,   90410.0,   93346.0,   93177.0,       0.0,   88884.0,   95833.0,   85198.0,   80642.0,  146563.0,  146564.0,  101879.0,  155344.0,   96977.0,  231648.0,   95761.0,   94240.0
   72169.0,  138225.0,   25899.0,   27645.0,       0.0,   78571.0,  150157.0,   11640.0,   71877.0,   80607.0,   67512.0,  109998.0,   89919.0,  133569.0,   80025.0,   41904.0,  147537.0,  148410.0,  144336.0,  138807.0,   91376.0,   59655.0,   66930.0,   82644.0,   79734.0,   81189.0,   62856.0,   72750.0,   78571.0,   79152.0,   79152.0,   80025.0,   86729.0,   74054.0,   85561.0,   90353.0,   74054.0,   90353.0,  146491.0,   85561.0,   85561.0,  196504.0,  212800.0,   90353.0,   74057.0,   90348.0,  196501.0,   85561.0,   85561.0,   74054.0,   90350.0,   74054.0,   74345.0,   90349.0,   85561.0,   74052.0,   74050.0,   97027.0,   28232.0,   88037.0,   98649.0,   98649.0,   98649.0,   98649.0,   89299.0,   88049.0,   88049.0,   86590.0,   86475.0,   88596.0,   89108.0,   88884.0,       0.0,   91951.0,   81279.0,   76927.0,  139825.0,  139826.0,   97198.0,  148190.0,   92510.0,  220980.0,   91350.0,   89900.0
   77873.0,  149150.0,   27946.0,   29831.0,       0.0,   84781.0,  162025.0,   12560.0,   77558.0,   86978.0,   72848.0,  118692.0,   97026.0,  144126.0,   86350.0,   45216.0,  159198.0,  160141.0,  155745.0,  149778.0,   98598.0,   64370.0,   72220.0,   89176.0,   86036.0,   87606.0,   67824.0,   78500.0,   84781.0,   85408.0,   85408.0,   86350.0,   93582.0,   79883.0,   92323.0,   97464.0,   79882.0,   97470.0,  158043.0,   92323.0,   92323.0,  212010.0,  229596.0,   97466.0,   79882.0,   97465.0,  212012.0,   92323.0,   92323.0,   79882.0,   97467.0,   79885.0,   80197.0,   97466.0,   92323.0,   79879.0,   79882.0,  104672.0,   30466.0,   94997.0,  106446.0,  106446.0,  106446.0,  106446.0,   96318.0,   95011.0,   95000.0,   93420.0,   93192.0,   95542.0,   96033.0,   95833.0,   91951.0,       0.0,   87712.0,   83008.0,  150906.0,  150907.0,  104898.0,  159943.0,   99847.0,  238506.0,   98595.0,   97030.0
   69441.0,  133000.0,   24920.0,   26600.0,       0.0,   75601.0,  144481.0,   11201.0,   69160.0,   77560.0,   64960.0,  105840.0,   86520.0,  128520.0,   77000.0,   40320.0,  141960.0,  142800.0,  138880.0,  133560.0,   87922.0,   57400.0,   64400.0,   79520.0,   76720.0,   78120.0,   60480.0,   70000.0,   75601.0,   76161.0,   76160.0,   77000.0,   83443.0,   71208.0,   82322.0,   86892.0,   71212.0,   86891.0,  140905.0,   82322.0,   82322.0,  189036.0,  204716.0,   86892.0,   71212.0,   86892.0,  189036.0,   82322.0,   82322.0,   71212.0,   86887.0,   71208.0,   71488.0,   86885.0,   82322.0,   71208.0,   71208.0,   93319.0,   27164.0,   84663.0,   94920.0,   94920.0,   94920.0,   94920.0,   85483.0,   84667.0,   84662.0,   82966.0,   82680.0,   84926.0,   85200.0,   85198.0,   81279.0,   87712.0,       0.0,   74045.0,  134504.0,  134504.0,   93495.0,  142569.0,   89001.0,  212598.0,   87885.0,   86491.0
   65720.0,  125875.0,   23587.0,   25175.0,       0.0,   71550.0,  136740.0,   10600.0,   65455.0,   73405.0,   61480.0,  100170.0,   81885.0,  121635.0,   72875.0,   38161.0,  134355.0,  135150.0,  131441.0,  126405.0,   83210.0,   54325.0,   60950.0,   75260.0,   72610.0,   73935.0,   57240.0,   66250.0,   71550.0,   72080.0,   72080.0,   72875.0,   78970.0,   67381.0,   77911.0,   82224.0,   67382.0,   82218.0,  133347.0,   77911.0,   77911.0,  178913.0,  193753.0,   82224.0,   67384.0,   82221.0,  178913.0,   77911.0,   77911.0,   67384.0,   82221.0,   67381.0,   67646.0,   82221.0,   77911.0,   67379.0,   67381.0,   88309.0,   25706.0,   80115.0,   89835.0,   89837.0,   89837.0,   89837.0,   80895.0,   80119.0,   80125.0,   78528.0,   78248.0,   80375.0,   80632.0,   80642.0,   76927.0,   83008.0,   74045.0,       0.0,  127261.0,  127261.0,   88460.0,  134904.0,   84216.0,  201169.0,   83160.0,   81840.0
  119536.0,  228951.0,   42898.0,   45790.0,       0.0,  130140.0,  248712.0,   19280.0,  119054.0,  133514.0,  111824.0,  182196.0,  148938.0,  221239.0,  132550.0,   69409.0,  244374.0,  245820.0,  239072.0,  229916.0,  151349.0,   98811.0,  110861.0,  136889.0,  132068.0,  134478.0,  104113.0,  120501.0,  130140.0,  131104.0,  131104.0,  132550.0,  143644.0,  122465.0,  141711.0,  149455.0,  122463.0,  149455.0,  242481.0,  141711.0,  141711.0,  325365.0,  352357.0,  149455.0,  122463.0,  149457.0,  325365.0,  141711.0,  141711.0,  122463.0,  149457.0,  122465.0,  122948.0,  149457.0,  141711.0,  122464.0,  122464.0,  160541.0,   46754.0,  145598.0,  163398.0,  163398.0,  163398.0,  163398.0,  147063.0,  145607.0,  145598.0,  142725.0,  142237.0,  146082.0,  146573.0,  146563.0,  139825.0,  150906.0,  134504.0,  127261.0,       0.0,  232779.0,  162072.0,  245791.0,  153439.0,  366522.0,  151515.0,  149110.0
  119536.0,  228951.0,   42898.0,   45790.0,       0.0,  130140.0,  248712.0,   19280.0,  119054.0,  133514.0,  111824.0,  182196.0,  148938.0,  221239.0,  132550.0,   69409.0,  244374.0,  245820.0,  239072.0,  229916.0,  151349.0,   98811.0,  110861.0,  136889.0,  132068.0,  134478.0,  104113.0,  120501.0,  130140.0,  131104.0,  131104.0,  132550.0,  143644.0,  122465.0,  141711.0,  149455.0,  122463.0,  149455.0,  242481.0,  141711.0,  141711.0,  325365.0,  352357.0,  149455.0,  122463.0,  149457.0,  325365.0,  141711.0,  141711.0,  122463.0,  149457.0,  122465.0,  122948.0,  149457.0,  141711.0,  122464.0,  122464.0,  160541.0,   46754.0,  145598.0,  163398.0,  163398.0,  163398.0,  163398.0,  147064.0,  145607.0,  145598.0,  142726.0,  142238.0,  146083.0,  146574.0,  146564.0,  139826.0,  150907.0,  134504.0,  127261.0,  232779.0,       0.0,  162062.0,  245791.0,  153439.0,  366522.0,  151515.0,  149110.0
   83080.0,  159126.0,   29815.0,   31825.0,       0.0,   90450.0,  172860.0,   13400.0,   82745.0,   92795.0,   77720.0,  126630.0,  103515.0,  153766.0,   92125.0,   48241.0,  169845.0,  170850.0,  166160.0,  159797.0,  105191.0,   68676.0,   77051.0,   95141.0,   91790.0,   93465.0,   72361.0,   83751.0,   90450.0,   91120.0,   91120.0,   92125.0,   99844.0,   85131.0,   98493.0,  103887.0,   85127.0,  103889.0,  168540.0,   98493.0,   98493.0,  226140.0,  244900.0,  103887.0,   85127.0,  103889.0,  226140.0,   98493.0,   98493.0,   85127.0,  103891.0,   85131.0,   85467.0,  103891.0,   98493.0,   85130.0,   85130.0,  111591.0,   32495.0,  101209.0,  113565.0,  113565.0,  113565.0,  113565.0,  102231.0,  101218.0,  101210.0,   99220.0,   98875.0,  101545.0,  101888.0,  101879.0,   97198.0,  104898.0,   93495.0,   88460.0,  162072.0,  162062.0,       0.0,  170674.0,  106546.0,  254508.0,  105210.0,  103540.0
  126728.0,  242725.0,   45479.0,   48545.0,       0.0,  137970.0,  263676.0,   20440.0,  126217.0,  141547.0,  118552.0,  193159.0,  157899.0,  234550.0,  140525.0,   73584.0,  259077.0,  260610.0,  253456.0,  243747.0,  160454.0,  104755.0,  117530.0,  145124.0,  140014.0,  142569.0,  110376.0,  127750.0,  137972.0,  138994.0,  138994.0,  140525.0,  152278.0,  129794.0,  150234.0,  158410.0,  129794.0,  158410.0,  257033.0,  150234.0,  150234.0,  344925.0,  373541.0,  158410.0,  129794.0,  158410.0,  344925.0,  150234.0,  150234.0,  129794.0,  158410.0,  129794.0,  130305.0,  158410.0,  150234.0,  129794.0,  129794.0,  170163.0,   49567.0,  154322.0,  173229.0,  173229.0,  173229.0,  173229.0,  155855.0,  154322.0,  154322.0,  151256.0,  150745.0,  154833.0,  155344.0,  155344.0,  148190.0,  159943.0,  142569.0,  134904.0,  245791.0,  245791.0,  170674.0,       0.0,  162736.0,  388665.0,  160693.0,  158141.0
   79112.0,  151526.0,   28391.0,   30305.0,       0.0,   86130.0,  164604.0,   12760.0,   78793.0,   88363.0,   74009.0,  120582.0,   98572.0,  146421.0,   87727.0,   45936.0,  161734.0,  162691.0,  158224.0,  152163.0,  100167.0,   65396.0,   73371.0,   90596.0,   87407.0,   89003.0,   68904.0,   79750.0,   86130.0,   86768.0,   86768.0,   87726.0,   95062.0,   81026.0,   93786.0,   98890.0,   81026.0,   98890.0,  160457.0,   93786.0,   93786.0,  215325.0,  233189.0,   98890.0,   81026.0,   98890.0,  215325.0,   93786.0,   93786.0,   81026.0,   98890.0,   81026.0,   81345.0,   98890.0,   93786.0,   81026.0,   81026.0,  106227.0,   30944.0,   96339.0,  108142.0,  108142.0,  108142.0,  108142.0,   97296.0,   96339.0,   96339.0,   94425.0,   94106.0,   96658.0,   96977.0,   96977.0,   92510.0,   99847.0,   89001.0,   84216.0,  153439.0,  153439.0,  106546.0,  162736.0,       0.0,  242869.0,  101140.0,   98648.0
  188977.0,  361950.0,   67820.0,   72391.0,       0.0,  205740.0,  393192.0,   30481.0,  188214.0,  211075.0,  176784.0,  288036.0,  235458.0,  349758.0,  209550.0,  109728.0,  386334.0,  388620.0,  377952.0,  363474.0,  239268.0,  156210.0,  175260.0,  216408.0,  208789.0,  212598.0,  164592.0,  190500.0,  205740.0,  207264.0,  207264.0,  209550.0,  227076.0,  193548.0,  224029.0,  236220.0,  193548.0,  236220.0,  383286.0,  224029.0,  224029.0,  514350.0,  557022.0,  236220.0,  193548.0,  236220.0,  514350.0,  224029.0,  224029.0,  193548.0,  236220.0,  193548.0,  194310.0,  236220.0,  224029.0,  193548.0,  193548.0,  253746.0,   73914.0,  230124.0,  258318.0,  258318.0,  258318.0,  258318.0,  232410.0,  230124.0,  230124.0,  225552.0,  224790.0,  230886.0,  231648.0,  231648.0,  220980.0,  238506.0,  212598.0,  201169.0,  366522.0,  366522.0,  254508.0,  388665.0,  242869.0,       0.0,  240321.0,  235955.0
   78120.0,  149626.0,   28035.0,   29925.0,       0.0,   85050.0,  162540.0,   12600.0,   77805.0,   87255.0,   73081.0,  119070.0,   97336.0,  144585.0,   86627.0,   45360.0,  159706.0,  160651.0,  156240.0,  150255.0,   98911.0,   64576.0,   72451.0,   89460.0,   86311.0,   87887.0,   68040.0,   78750.0,   85050.0,   85680.0,   85680.0,   86626.0,   93870.0,   80010.0,   92610.0,   97650.0,   80010.0,   97650.0,  158445.0,   92610.0,   92610.0,  212625.0,  230265.0,   97650.0,   80010.0,   97650.0,  212625.0,   92610.0,   92610.0,   80010.0,   97650.0,   80010.0,   80325.0,   97650.0,   92610.0,   80010.0,   80010.0,  104895.0,   30556.0,   95131.0,  106786.0,  106786.0,  106786.0,  106786.0,   96076.0,   95131.0,   95131.0,   93241.0,   92926.0,   95446.0,   95761.0,   95761.0,   91350.0,   98595.0,   87885.0,   83160.0,  151515.0,  151515.0,  105210.0,  160693.0,  101140.0,  240321.0,       0.0,   97412.0
   76881.0,  147250.0,   27590.0,   29451.0,       0.0,   83700.0,  159960.0,   12402.0,   76570.0,   85871.0,   71920.0,  117180.0,   95790.0,  142290.0,   85250.0,   44640.0,  157170.0,  158100.0,  153760.0,  147870.0,   97340.0,   63550.0,   71300.0,   88040.0,   84941.0,   86490.0,   66960.0,   77500.0,   83700.0,   84321.0,   84320.0,   85250.0,   92380.0,   78740.0,   91141.0,   96100.0,   78740.0,   96100.0,  155930.0,   91141.0,   91141.0,  209250.0,  226610.0,   96100.0,   78740.0,   96100.0,  209250.0,   91141.0,   91141.0,   78740.0,   96100.0,   78740.0,   79050.0,   96100.0,   91141.0,   78740.0,   78740.0,  103230.0,   30070.0,   93620.0,  105090.0,  105090.0,  105090.0,  105090.0,   94550.0,   93620.0,   93620.0,   91760.0,   91450.0,   93930.0,   94240.0,   94240.0,   89900.0,   97030.0,   86491.0,   81840.0,  149110.0,  149110.0,  103540.0,  158141.0,   98648.0,  235955.0,   97412.0,       0.0
